date,Audi,BMW,Mini,Mercedes Benz,Mitsubishi Fuso,FCA,Honda Group,Hyundai,Isuzu,Jaguar Land Rover,Kia,Mazda,Mitsubishi,Nissan,Porsche,Subaru,Tesla,Toyota Group,Volkswagen,Volvo,year,month
Jan 2019,14253,18102,2457,23721,0,136082,106139,42020,265,10463,37376,20045,8708,100741,5419,46072,18411,156021,23074,5854,2019,Jan
Dec 2018,22765,34357,2797,36132,4,196520,155115,65721,534,14079,47428,25870,8986,148720,4086,64541,24712,220910,32047,8826,2018,Dec
Nov 2018,17082,28330,3528,32879,3,181310,120534,57499,415,11744,45101,20660,7688,110513,5673,56782,16843,190423,26789,8181,2018,Nov
Oct 2018,16056,23262,3166,31719,4,177391,122182,53025,387,10494,45102,18673,8002,109962,4817,55394,17851,191102,29000,7327,2018,Oct
Sep 2018,19319,25908,3461,30617,3,199819,132668,57359,415,9006,51503,21257,7705,122819,5102,57044,15175,203098,30555,8715,2018,Sep
Aug 2018,20907,23789,3800,24084,3,193718,147903,57542,319,9648,53864,25816,8416,112376,4083,64088,8514,223055,32255,8970,2018,Aug
Jul 2018,19221,21982,4296,22955,4,170970,138602,51752,272,8089,53112,24125,9950,108792,4020,59426,9517,208770,30520,8622,2018,Jul
Jun 2018,19471,29407,4146,28999,6,202264,146563,64052,301,9335,56571,17423,11149,79943,4892,59841,9351,209602,28941,9868,2018,Jun
May 2018,19315,30888,4226,30077,6,214294,153069,66056,299,9469,59462,29980,12416,131832,5005,60146,3144,215321,31211,9338,2018,May
Apr 2018,19104,27213,3731,30022,4,184149,125701,56063,198,8467,50585,23056,7990,87764,5570,53170,3471,192348,28794,8333,2018,Apr
Mar 2018,20090,35842,4531,31374,17,216063,142392,61540,337,14232,50645,33302,14319,162535,4756,58097,6159,222782,32548,8233,2018,Mar
Feb 2018,15451,26573,3065,27788,12,165903,115557,46095,267,9013,40672,25731,12973,129930,4382,47249,2698,182195,26660,6283,2018,Feb
Jan 2018,14511,19016,2937,27498,2,132803,104542,41242,166,9050,35628,24962,8480,123538,4816,44357,6566,167056,24744,5567,2018,Jan
Dec 2017,26977,34253,4611,39250,34,171946,149317,63594,394,11394,43039,26893,8501,138226,3913,63342,5787,222985,30281,9679,2017,Dec
Nov 2017,19195,28049,4038,34112,4,154919,133156,57211,340,9862,44302,21469,8609,135985,5555,51721,2863,191617,29207,7854,2017,Nov
Oct 2017,19425,23208,3669,31404,4,153373,127353,53010,768,8368,44397,20811,7381,123012,4715,54045,5346,188434,27732,7006,2017,Oct
Sep 2017,19308,25571,3736,32096,14,174266,142722,57007,423,9703,52468,25738,8430,139932,5059,55120,4694,226632,32112,7900,2017,Sep
Aug 2017,19811,23553,4448,28954,16,176033,146048,54310,181,9421,53323,25846,8164,108326,4709,63215,2372,227625,32015,7993,2017,Aug
Jul 2017,18824,21965,4398,28669,8,161477,150947,54063,250,9081,56403,27089,8025,128295,3901,55703,3384,222057,27091,6967,2017,Jul
Jun 2017,19416,28962,4410,32102,8,187348,139793,54507,257,8706,56143,22342,7625,73720,4516,52057,4076,202376,27377,7303,2017,Jun
May 2017,19197,29881,4063,29956,14,193040,148414,60011,206,8106,58507,26047,9429,137471,4805,56135,2146,218252,30014,6202,2017,May
Apr 2017,18711,26105,3481,29125,6,176176,138386,63050,248,8441,53358,24164,8375,121998,5529,52368,3839,201926,27557,7121,2017,Apr
Mar 2017,18705,36002,4987,31961,11,190254,137227,69265,317,12918,49429,24549,11766,168832,4479,54871,3942,215224,27635,5356,2017,Mar
Feb 2017,13741,24712,2154,27035,2,168326,121686,53020,205,9231,42673,22824,10924,135740,3637,45500,2007,174339,25145,4651,2017,Feb
Jan 2017,13201,18109,3110,27576,1,152218,106380,46507,203,9102,35626,21698,6457,112319,4602,43879,5500,143048,23510,3472,2017,Jan
Dec 2016,23195,32835,4658,35871,16,192519,160477,62305,712,12573,54353,28754,7383,152743,4015,63177,5356,243229,37229,10129,2016,Dec
Nov 2016,17118,26189,4507,32927,5,160827,122924,62507,289,9040,52504,22041,6896,115136,5513,51308,1344,197687,29672,7723,2016,Nov
Oct 2016,17721,24017,3954,31383,11,176609,126161,62505,592,8751,48977,22711,7637,113520,4506,53760,5903,186295,24779,6340,2016,Oct
Sep 2016,17617,25389,4024,32470,10,192883,133655,66610,508,8299,49220,24889,7191,127797,4479,54918,4913,197260,24112,5608,2016,Sep
Aug 2016,19264,25531,4969,31556,7,196804,149571,72015,610,9329,54248,26109,7336,124638,5181,60418,3415,213126,29384,7682,2016,Aug
Jul 2016,18364,25777,4774,31795,0,180389,152799,75003,406,9473,59969,27915,7890,132475,3878,52093,4270,214233,28758,8584,2016,Jul
Jun 2016,18445,28855,4914,31558,16,202421,138715,67510,338,8448,62572,26188,8023,140553,4482,46598,3962,198257,23809,8592,2016,Jun
May 2016,18728,29017,4595,32147,9,194720,147108,71007,347,7114,62926,28328,9025,133496,4578,50083,1631,219339,28779,5536,2016,May
Apr 2016,17801,24951,4796,31825,9,189005,148829,62213,304,6275,56508,26195,9674,123861,5410,50380,4289,211125,27112,6169,2016,Apr
Mar 2016,18392,30033,4762,31236,12,199467,138221,75310,231,10866,58279,23396,11078,163559,4323,49285,3200,219842,26914,6857,2016,Mar
Feb 2016,11718,22498,2839,25210,8,187318,118986,53009,189,7929,49737,21544,7870,130911,3561,42011,1807,187954,22321,5260,2016,Feb
Jan 2016,11850,18082,3238,26563,7,171353,100496,45011,139,7007,38305,19703,6264,105734,4354,41101,1561,161283,20079,4244,2016,Jan
Dec 2015,20399,34625,5009,38249,18,213924,150893,63508,425,9638,54241,29294,7887,139300,3936,56274,3311,238350,30956,9341,2015,Dec
Nov 2015,16700,32003,4444,32813,22,187731,115441,60007,409,7604,45555,22732,6772,107083,4450,46070,2008,189517,23882,6903,2015,Nov
Oct 2015,17700,29439,4087,31751,16,196898,131651,60005,552,8187,50044,25451,7426,116047,4069,51629,1902,204045,30387,7422,2015,Oct
Sep 2015,17340,26608,4414,31337,10,194666,133750,64015,388,6850,49820,25616,7556,121782,4425,53070,2223,194399,26141,5527,2015,Sep
Aug 2015,18794,27755,5109,30633,27,190887,155491,72012,303,6368,58895,29938,8289,133351,5008,52697,1750,224381,32332,5869,2015,Aug
Jul 2015,17654,26970,5191,29690,16,180124,146324,71013,218,6253,56311,27157,7868,130872,4730,50517,1817,217181,31300,5619,2015,Jul
Jun 2015,18262,32176,6174,30486,18,185035,134397,67502,294,5860,54137,27223,7963,124228,4223,44335,2490,209912,30436,5985,2015,Jun
May 2015,18428,31003,5833,32352,17,202227,154593,63610,265,6586,62433,29606,9575,134779,4268,49561,2000,242579,34758,5023,2015,May
Apr 2015,16827,26952,5476,31951,28,189027,130068,68009,289,6390,53282,24123,8216,109848,5217,47241,1995,203329,30009,4636,2015,Apr
Mar 2015,17102,34310,5829,32300,24,197261,126293,75019,305,8438,58771,32123,9764,145085,4291,49111,2614,225959,30025,5916,2015,Mar
Feb 2015,11455,25201,3720,25291,15,163586,105466,52505,213,6327,44030,25650,7533,118436,3202,41358,1099,180467,25710,4012,2015,Feb
Jan 2015,11541,18981,3228,26124,20,145007,102184,44505,142,6547,38299,20271,6493,104107,3937,40812,2036,169194,23504,3794,2015,Jan
Dec 2014,19238,41526,6615,37297,33,193261,137281,64507,380,7437,45587,24808,6545,117318,3275,49923,1056,215057,34058,4920,2014,Dec
Nov 2014,16640,31019,5009,37110,21,170839,121814,53672,250,4897,44936,21242,6534,103188,4699,45273,1052,183346,31726,3623,2014,Nov
Oct 2014,15150,30602,5300,30733,19,170480,121172,50081,213,4650,44694,18798,6199,103117,3667,43012,1648,180580,30312,3972,2014,Oct
Sep 2014,14917,25586,4219,29523,27,169890,118223,56010,237,4248,40628,23980,5558,102955,3607,41517,2029,167279,25996,4667,2014,Sep
Aug 2014,17101,27214,5006,28960,18,198379,167038,70003,304,5673,54667,31305,6786,134388,4540,50246,362,246100,35181,4960,2014,Aug
Jul 2014,14616,26409,5811,29406,23,180902.30508474575,135908,67011,457,5830,52309,29238,6349,121452,4300,45714,973,215802,30553,4894,2014,Jul
Jun 2014,16867,30201,5376,28707,25,180902.30508474575,129023,67407,409,5301,50644,26208,6021,109643,4102,41367,1215,201714,28827,5983,2014,Jun
May 2014,16601,29602,5729,28881,23,194421,152603,70907,362,5840,60087,29731,7269,135934,4609,44170,1100,243236,32163,5014,2014,May
Apr 2014,15653,25202,4390,28281,32,178652,132456,66107,327,5568,53676,22434,6542,103934,4072,40083,905,199660,30831,4635,2014,Apr
Mar 2014,14246,32107,3655,29316,17,193915,133318,67005,634,6215,54777,34903,8996,149136,3808,44479,1953,215348,36717,5915,2014,Mar
Feb 2014,10881,22017,2459,24030,14,154866,100405,49003,528,5558,41218,24341,5977,115360,3232,34909,701,159284,27112,3991,2014,Feb
Jan 2014,10101,18253,2543,23892,28,127183,91631,44005,590,6021,37011,18813,4867,90470,3096,33000,791,146365,23494,3792,2014,Jan
Dec 2013,17013,37389,6592,35835,46,180902.30508474575,135255,63005,417,7308,33631,22964,6423,109758,3246,40172,1916,190843,34015,4888,2013,Dec
Nov 2013,13636,31752,4575,36386,59,180902.30508474575,116507,56005,398,6047,45411,20754,6071,106528,3966,36621,1246,178044,30727,4233,2013,Nov
Oct 2013,13001,27574,5700,32107,16,180902.30508474575,114538,53555,296,5801,39754,19738,4752,91018,3562,34483,1098,168976,28129,3919,2013,Oct
Sep 2013,13065,23568,5306,26849,14.5625,180902.30508474575,105563,55102,266,8187.0,38003,22464,4001,86868,3093,31755,4270.453125,164457,31920,4188,2013,Sep
Aug 2013,14005,24523,6023,26151,14.5625,180902.30508474575,166432,66101,253,8187.0,52025,28106,5281,120498,3327,41061,4270.453125,231537,40342,5518,2013,Aug
Jul 2013,13064,24043,5950,25563,14.5625,180902.30508474575,141439,66005,212,8187.0,49004,24977,5230,109041,3820,35994,4270.453125,193394,35779,5909,2013,Jul
Jun 2013,13706,27074,6571,26381,14.5625,180902.30508474575,136915,65007,230,8187.0,50536,22496,5297,104124,3700,39235,4270.453125,195235,36957,6678,2013,Jun
May 2013,13228,25230,5944,26541,14.5625,180902.30508474575,140013,68358,306,8187.0,52327,24270,4715,114457,3928,39892,4270.453125,207952,38013,6329,2013,May
Apr 2013,13157,23225,5786,25490,14.5625,180902.30508474575,130999,63315,270,8187.0,47556,19894,4461,87847,4032,32943,4270.453125,176160,33644,4464,2013,Apr
Mar 2013,13253,27078,6071,26175,14.5625,180902.30508474575,136038,68306,404,8187.0,49125,32028,5286,137726,3487,36701,4270.453125,205342,37704,5365,2013,Mar
Feb 2013,10877,21311,4302,23268,14.5625,180902.30508474575,107987,52311,314,8187.0,41505,24936,6051,99636,2805,28163,4270.453125,166377,31456,4867,2013,Feb
Jan 2013,10056,16513,3682,23578,14.5625,180902.30508474575,93626,43713,257,8187.0,36302,21319,4659,80919,3358,27663,4270.453125,157725,29018,4875,2013,Jan
Dec 2012,14841,37399,6456,30375,14.5625,180902.30508474575,132774,59435,187,8187.0,39178,27253,4113,99290,2952,36653,4270.453125,194143,44005,6150,2012,Dec
Nov 2012,12067,31213,5248,31945,14.5625,180902.30508474575,116580,53487,181,8187.0,41055,21691,3574,96197,3865,28206,4270.453125,161695,36728,6141,2012,Nov
Oct 2012,11708,26451,5888,25644,14.5625,180902.30508474575,106973,50271,177,8187.0,42452,18622,3981,79685,3211,26119,4270.453125,155242,34311,4200,2012,Oct
Sep 2012,12302,21761,4899,24950,14.5625,180902.30508474575,117211,60025,166,8187.0,48105,24135,4806,91907,2736,27683,4270.453125,171910,36339,4977,2012,Sep
Aug 2012,11527,16835,5718,22686,14.5625,180902.30508474575,131321,61099,177,8187.0,50028,22234,4249,98515,3026,28293,4270.453125,188520,41011,6323,2012,Aug
Jul 2012,11707,21297,5855,21514,14.5625,180902.30508474575,116944,62021,142,8187.0,48074,19318,4194,98341,2803,25183,4270.453125,164898,37014,5717,2012,Jul
Jun 2012,12664,21725,5995,24371,14.5625,180902.30508474575,124808,63813,160,8187.0,51326,19911,5411,92237,3002,27702,4270.453125,177795,38170,7107,2012,Jun
May 2012,11503,22168,6153,24556,14.5625,180902.30508474575,133997,67019,226,8187.0,51771,20357,5575,91794,2852,29724,4270.453125,202973,38657,6246,2012,May
Apr 2012,11521,21062,5731,24302,14.5625,180902.30508474575,122012,62264,197,8187.0,47550,21506,5280,71329,3437,26310,4270.453125,178044,37525,4848,2012,Apr
Mar 2012,11585,23940,5866,24509,14.5625,180902.30508474575,126999,69728,269,8187.0,57505,32376,7160,136317,2460,32387,4270.453125,203282,36588,6693,2012,Mar
Feb 2012,8531,21204,4980,18910,14.5625,180902.30508474575,110157,51151,222,8187.0,45038,25651,4736,106731,2149,25374,4270.453125,159423,30577,5263,2012,Feb
Jan 2012,9354,16405,3334,21230,14.5625,180902.30508474575,83009,42694,186,8187.0,35517,23996,4711,79313,2550,22807,4270.453125,124540,27209,4461,2012,Jan
Dec 2011,12655,26834,5711,27296,14.5625,180902.30508474575,105230,50765,208,8187.0,43390,22353,5032,100927,1834,33701,4270.453125,178131,32502,5342,2011,Dec
Nov 2011,9700,21521,4750,27841,14.5625,180902.30508474575,83925,49610,159,8187.0,37007,18432,3735,85182,2255,17657,4270.453125,137960,28412,4844,2011,Nov
Oct 2011,10225,21873,5415,24122,14.5625,180902.30508474575,98333,52402,158,8187.0,37690,18326,4378,82346,2270,20081,4270.453125,134046,28028,4899,2011,Oct
Sep 2011,9725,21750,3999,23428,14.5625,180902.30508474575,89532,52051,116,8187.0,35609,25521,5803,92964,2170,20934,4270.453125,121451,27036,5042,2011,Sep
Aug 2011,10201,20815,3999,20323,14.5625,180902.30508474575,82321,58505,115,8187.0,41188,22632,7985,91541,2184,20837,4270.453125,129482,25232,5215,2011,Aug
Jul 2011,9146,21409,4711,20738,14.5625,180902.30508474575,80502,59561,129,8187.0,45504,20783,7972,84601,2768,21730,4270.453125,130802,29066,5595,2011,Jul
Jun 2011,10051,21637,5228,22563,14.5625,180902.30508474575,83892,59209,119,8187.0,45044,19307,8299,71941,2546,19794,4270.453125,110937,28444,7100,2011,Jun
May 2011,10457,20651,5801,20306,14.5625,180902.30508474575,90773,59214,136,8187.0,48212,17875,7568,76148,2817,20036,4270.453125,108387,30100,7359,2011,May
Apr 2011,10018,18801,6446,19157,14.5625,180902.30508474575,124799,61754,135,8187.0,47074,20638,8081,71526,3172,24762,4270.453125,159540,28542,6404,2011,Apr
Mar 2011,9818,20295,6087,22546,14.5625,180902.30508474575,133650,61873,179,8187.0,44179,30905,7560,121141,2588,26916,4270.453125,176222,27176,6369,2011,Mar
Feb 2011,7753,16416,3503,16176,14.5625,180902.30508474575,98059,43533,131,8187.0,32806,19387,6893,92370,2019,21683,4270.453125,141846,21461,4795,2011,Feb
Jan 2011,7812,15905,2751,17273,14.5625,180902.30508474575,76269,37214,105,8187.0,27789,14267,5714,71847,2400,18858,4270.453125,115856,18401,4276,2011,Jan
Dec 2010,10546,23280,4320,21469,14.5625,180902.30508474575,129616,44802,132,8187.0,30444,21479,4874,93730,2567,26694,4270.453125,177488,23867,4756,2010,Dec
Nov 2010,9365,20097,2786,19037,14.5625,180902.30508474575,89617,40723,124,8187.0,26601,15304,4306,71366,2416,20792,4270.453125,129317,20189,4078,2010,Nov
Oct 2010,8128,19272,3950,19076,14.5625,180902.30508474575,98811,42656,0,8187.0,31199,18013,5111,69773,2647,22720,4270.453125,145474,20084,3996,2010,Oct
Sep 2010,8151,18228,4884,20666,14.5625,180902.30508474575,97361,46556,0,8187.0,30071,18580,4961,74205,1971,21432,4270.453125,147162,19943,4152,2010,Sep
Aug 2010,9182,19540,4425,19674,14.5625,180902.30508474575,108729,53603,0,8187.0,32465,19270,4293,76827,2032,22239,4270.453125,148388,22855,4441,2010,Aug
Jul 2010,7817,19064,4326,18048,14.5625,180902.30508474575,112437,54106,0,8187.0,35419,20694,5648,82337,2703,23983,4270.453125,169224,23880,4319,2010,Jul
Jun 2010,8601,19182,4149,18997,14.5625,180902.30508474575,106627,51205,0,8187.0,31906,18238,4198,64570,2141,21601,4270.453125,140604,21051,4995,2010,Jun
May 2010,9205,17859,4233,19176,14.5625,180902.30508474575,117173,49045,0,8187.0,31431,22605,4737,83764,1873,23667,4270.453125,162813,23543,4659,2010,May
Apr 2010,9319,17268,3843,18228,14.5625,180902.30508474575,113697,44023,0,8187.0,30036,18935,3932,63769,1747,23198,4270.453125,157439,23135,4546,2010,Apr
Mar 2010,8589,18060,3610,20023,14.5625,180902.30508474575,108262,47002,0,8187.0,30522,23193,5434,95468,1905,23785,4270.453125,186863,22148,5237,2010,Mar
Feb 2010,6216,15100,2871,15385,14.5625,180902.30508474575,80671,34004,0,8187.0,24052,17054,4019,70189,1531,18098,4270.453125,100027,16996,4641,2010,Feb
Jan 2010,6510,13163,2247,15158,14.5625,180902.30508474575,67479,30503,0,8187.0,22123,15694,4170,62572,1786,15611,4270.453125,98796,17315,4128,2010,Jan
Dec 2009,9030,20128,3489,20025,14.5625,180902.30508474575,107143,33797,0,8187.0,21048,18255,4355,73404,2118,23074,4270.453125,187860,19554,5638,2009,Dec
Nov 2009,6810,15708,2564,16797,14.5625,180902.30508474575,74003,28045,0,8187.0,17955,14255,2925,56288,1626,16988,4270.453125,133700,15710,4631,2009,Nov
Oct 2009,7358,16443,4176,18193,14.5625,180902.30508474575,85502,31005,0,8187.0,22490,15068,3867,60115,1642,18169,4270.453125,152165,16368,4437,2009,Oct
Sep 2009,7209,15047,4128,16985,14.5625,180902.30508474575,77229,31511,0,8187.0,21623,14234,4712,55393,1581,14593,4270.453125,126015,16457,4716,2009,Sep
Aug 2009,8057,19232,5111,17112,14.5625,180902.30508474575,161439,60467,0,8187.0,40198,26542,6813,105312,1526,28683,4270.453125,225088,22725,5826,2009,Aug
Jul 2009,6407,16381,4872,16228,14.5625,180902.30508474575,114690,45553,0,8187.0,29345,19032,4847,71847,1544,21839,4270.453125,174872,19240,6441,2009,Jul
Jun 2009,7524,16744,4105,15155,14.5625,180902.30508474575,100420,37943,0,8187.0,26845,13729,4362,58298,902,18620,4270.453125,131654,16928,7042,2009,Jun
May 2009,7503,18383,4610,15134,14.5625,180902.30508474575,98344,36937,0,8187.0,26060,16718,4352,67489,1979,17505,4270.453125,152583,18178,5577,2009,May
Apr 2009,7010,15705,3657,14565,14.5625,180902.30508474575,101029,33952,0,8187.0,25606,16139,3919,47190,1853,15649,4270.453125,126540,13683,4503,2009,Apr
Mar 2009,6433,17520,3605,15602,14.5625,180902.30508474575,88379,40721,0,8187.0,24724,21974,4620,66634,1749,16249,4270.453125,132802,14691,6358,2009,Mar
Feb 2009,4653,12979,2826,14199,14.5625,180902.30508474575,71575,30621,0,8187.0,22073,16401,4484,54249,1518,13089,4270.453125,109583,13157,3356,2009,Feb
Jan 2009,4722,12232,2082,10433,14.5625,180902.30508474575,71031,24512,165,8187.0,22096,15420,4730,53884,1658,12194,4270.453125,117287,12081,2910,2009,Jan
Dec 2008,7712,18060,3566,18507,14.5625,180902.30508474575,86085,24037,188,8187.0,14644,17965,4570,62102,2154,17287,4270.453125,141949,16678,4953,2008,Dec
Nov 2008,6788,15217,4545,14102,14.5625,180902.30508474575,76233,19221,130,8187.0,15182,14134,5096,46605,1378,13706,4270.453125,130307,12971,4404,2008,Nov
Oct 2008,7443,20203,5272,14996,14.5625,180902.30508474575,85864,20820,251,8187.0,15483,16442,7486,56945,1427,12916,4270.453125,152101,15100,3717,2008,Oct
Sep 2008,7584,14744,3762,18779,14.5625,180902.30508474575,96626,24765,258,8187.0,17383,16169,7378,59565,1458,14491,4270.453125,144260,16734,4054,2008,Sep
Aug 2008,6406,25462,5469,18507,14.5625,180902.30508474575,146855,41130,289,8187.0,25065,23680,9200,108493,1404,18933,4270.453125,211533,22292,4669,2008,Aug
Jul 2008,6804,23914,5063,20733,14.5625,180902.30508474575,138744,40703,303,8187.0,28021,22418,9644,95319,3128,16271,4270.453125,197424,20442,5124,2008,Jul
Jun 2008,8203,20944,5211,19576,14.5625,180902.30508474575,142539,50033,364,8187.0,28292,23771,7494,75847,2650,18007,4270.453125,193234,23208,7001,2008,Jun
May 2008,8534,25469,6312,21785,14.5625,180902.30508474575,167997,46415,510,8187.0,31047,27921,10430,100874,2796,18436,4270.453125,257404,22346,7238,2008,May
Apr 2008,7730,26735,4713,20271,14.5625,180902.30508474575,135180,39280,558,8187.0,30066,23760,8878,75855,2863,16771,4270.453125,217700,19415,7138,2008,Apr
Mar 2008,7987,23115,4289,20808,14.5625,180902.30508474575,138734,42796,683,8187.0,24871,32929,10750,106921,2467,16685,4270.453125,217730,19587,9263,2008,Mar
Feb 2008,6152,20775,3415,18564,14.5625,180902.30508474575,115397,31090,790,8187.0,21988,23548,9105,86219,1715,12907,4270.453125,182169,16556,7505,2008,Feb
Jan 2008,6418,14475,2460,18275,14.5625,180902.30508474575,98511,21452,433,8187.0,21355,21212,7226,76605,2595,11289,4270.453125,171849,14411,8036,2008,Jan
Dec 2007,8504,30199,3562,27301,14.5625,180902.30508474575,131792,46487,492,8187.0,24068,24933,5904,89555,2891,18739,4270.453125,224399,20543,9341,2007,Dec
Nov 2007,9104,23808,3177,22819,14.5625,180902.30508474575,111431,31883,496,8187.0,24177,20580,7983,80683,2662,14868,4270.453125,197189,17689,8227,2007,Nov
Oct 2007,7421,23451,3370,22820,14.5625,180902.30508474575,114799,30232,576,8187.0,25185,22201,9280,84947,2862,14979,4270.453125,197592,17260,7761,2007,Oct
Sep 2007,8021,20901,4031,22459,14.5625,180902.30508474575,127200,33214,565,8187.0,24087,25098,12102,94269,2641,16457,4270.453125,213043,18891,8408,2007,Sep
Aug 2007,7620,26562,4077,20980,14.5625,180902.30508474575,158342,45087,606,8187.0,26874,24762,13020,95527,2548,16573,4270.453125,233471,21655,9119,2007,Aug
Jul 2007,7127,24295,4069,18586,14.5625,180902.30508474575,141049,43511,586,8187.0,26690,25853,10347,87877,3230,15438,4270.453125,224058,19653,9549,2007,Jul
Jun 2007,7789,25220,4174,19589,14.5625,180902.30508474575,140935,49368,676,8187.0,26288,25761,13014,92213,3267,17108,4270.453125,245739,23137,9572,2007,Jun
May 2007,8788,26689,4130,21771,14.5625,180902.30508474575,145367,43885,707,8187.0,28494,26788,13651,93062,3348,16282,4270.453125,269023,22325,9192,2007,May
Apr 2007,8106,25310,3382,20895,14.5625,180902.30508474575,126419,39137,592,8187.0,26007,21060,12047,71124,3015,13786,4270.453125,210457,19086,8122,2007,Apr
Mar 2007,8020,25325,3655,21612,14.5625,180902.30508474575,143392,41984,743,8187.0,27567,37742,12536,111119,3278,18027,4270.453125,242675,17355,10661,2007,Mar
Feb 2007,4862,22274,2368,17304,14.5625,180902.30508474575,110026,34500,559,8187.0,23512,22067,9726,85218,1967,12874,4270.453125,187330,16367,8453,2007,Feb
Jan 2007,4763,19761,2050,17069,14.5625,180902.30508474575,100790,27721,500,8187.0,22524,19265,9383,82644,2984,12074,4270.453125,175850,16610,7808,2007,Jan
Dec 2006,9576,30945,2472,28115,14.5625,180902.30508474575,131778,37365,637,8187.0,30004,19912,9910,91775,2850,20613,4270.453125,228322,19942,8525,2006,Dec
Nov 2006,7190,22602,3287,22079,14.5625,180902.30508474575,106446,28417,565,8187.0,22203,20792,9256,76015,2611,15800,4270.453125,196695,17082,9229,2006,Nov
Oct 2006,4778,20822,3642,20598,14.5625,180902.30508474575,110624,30479,638,8187.0,20097,18843,9288,75095,2355,15404,4270.453125,189011,15942,8384,2006,Oct
Sep 2006,6671,20339,2964,19873,14.5625,180902.30508474575,116226,33384,726,8187.0,23877,20261,10287,88340,2211,16128,4270.453125,222950,20082,9672,2006,Sep
Aug 2006,6338,22421,3252,20602,14.5625,180902.30508474575,151253,44635,618,8187.0,25114,22311,10954,89848,2397,17809,4270.453125,240178,23420,10582,2006,Aug
Jul 2006,6415,20083,3528,21591,14.5625,180902.30508474575,151804,47205,712,8187.0,26429,25963,10502,86408,3202,18923,4270.453125,241826,22627,10323,2006,Jul
Jun 2006,6729,24179,3556,20802,14.5625,180902.30508474575,126449,44508,745,8187.0,27443,23727,10004,75154,2871,18476,4270.453125,223018,20121,10867,2006,Jun
May 2006,7120,24688,3672,21621,14.5625,180902.30508474575,141810,42514,638,8187.0,26494,27321,11821,86667,3272,16406,4270.453125,235708,22100,10124,2006,May
Apr 2006,7412,25250,3313,21270,14.5625,180902.30508474575,139124,41025,884,8187.0,27808,22385,10841,86720,3341,16073,4270.453125,219965,20528,9736,2006,Apr
Mar 2006,6994,24501,3851,21417,14.5625,180902.30508474575,128806,41766,947,8187.0,26004,25514,10250,103095,3185,19048,4270.453125,217286,20730,11124,2006,Mar
Feb 2006,4806,19328,2690,17356,14.5625,180902.30508474575,106644,34014,796,8187.0,20719,23580,7976,84241,2700,13635,4270.453125,166940,16329,8397,2006,Feb
Jan 2006,6084,19274,2944,12469,14.5625,180902.30508474575,98394,30208,708,8187.0,18110,18177,7469,75891,3232,12384,4270.453125,160625,16237,8844,2006,Jan
Dec 2005,8842,26464,2436,31192,14.5625,180902.30508474575,132800,43021,839,8187.0,18767,19156,9673,91253,2861,19919,4270.453125,203279,25956,9080,2005,Dec
Nov 2005,7909,23673,3171,18284,14.5625,180902.30508474575,105860,33383,738,8187.0,20091,17817,8902,77212,2675,14521,4270.453125,169665,18046,8076,2005,Nov
Oct 2005,6659,22432,3203,18349,14.5625,180902.30508474575,110895,29413,778,8187.0,20631,19505,9292,72279,2588,16774,4270.453125,173086,17207,8671,2005,Oct
Sep 2005,7854,22052,3027,17552,14.5625,180902.30508474575,121163,38214,656,8187.0,23404,19918,9054,93540,2144,16100,4270.453125,178417,21646,9514,2005,Sep
Aug 2005,6911,25537,3342,19267,14.5625,180902.30508474575,156173,42113,722,8187.0,23820,22135,10945,92365,2735,17426,4270.453125,205362,23083,10806,2005,Aug
Jul 2005,7190,23178,3662,20791,14.5625,180902.30508474575,143217,44431,845,8187.0,26052,24820,10376,107300,2804,17959,4270.453125,216417,21553,11499,2005,Jul
Jun 2005,7209,23392,3607,18242,14.5625,180902.30508474575,126416,43051,1289,8187.0,27095,21958,10621,92781,2551,17946,4270.453125,194875,19071,12266,2005,Jun
May 2005,6455,23048,3878,17811,14.5625,180902.30508474575,122169,40416,1221,8187.0,25503,26657,11380,93519,3291,14475,4270.453125,201493,16297,10798,2005,May
Apr 2005,7202,21072,4310,18805,14.5625,180902.30508474575,135597,40958,1412,8187.0,27158,22249,9230,91621,3065,16717,4270.453125,210466,18458,10725,2005,Apr
Mar 2005,6502,20149,4127,18162,14.5625,180902.30508474575,128548,40063,1418,8187.0,25722,26153,14776,105804,2799,17301,4270.453125,203223,16738,11614,2005,Mar
Feb 2005,5256,18356,3140,13513,14.5625,180902.30508474575,98130,33940,1166,8187.0,20454,20806,12477,82412,2243,14524,4270.453125,163059,13457,10404,2005,Feb
Jan 2005,5077,16847,2917,12101,14.5625,180902.30508474575,81504,26009,1093,8187.0,17154,17060,7269,76584,2177,12340,4270.453125,140954,12683,10134,2005,Jan
Dec 2004,7650,25482,3810,26607,14.5625,180902.30508474575,137381,37148,1680,8187.0,20108,20866,11151,92268,2695,19324,4270.453125,187932,21469,12207,2004,Dec
Nov 2004,6879,20732,3363,18832,14.5625,180902.30508474575,95524,29682,1514,8187.0,23303,17618,8301,80376,2425,13817,4270.453125,154272,17224,10889,2004,Nov
Oct 2004,6089,22618,3189,18323,14.5625,180902.30508474575,110502,33111,2076,8187.0,22973,21265,9160,86599,3021,16531,4270.453125,170815,21888,11612,2004,Oct
Sep 2004,5835,21767,2917,17445,14.5625,180902.30508474575,108470,35025,2267,8187.0,23001,18894,9282,80350,2355,15843,4270.453125,161793,20872,10541,2004,Sep
Aug 2004,6473,22167,2334,17984,14.5625,180902.30508474575,126625,38513,2327,8187.0,21132,21216,10721,80314,2562,16065,4270.453125,180394,22724,12598,2004,Aug
Jul 2004,7021,21479,2607,18962,14.5625,180902.30508474575,129872,40125,2749,8187.0,23637,23487,11192,93297,2705,17596,4270.453125,200206,25560,12255,2004,Jul
Jun 2004,6947,25013,2896,17484,14.5625,180902.30508474575,116101,41336,2557,8187.0,27636,26962,12301,78107,2807,16217,4270.453125,170366,22692,12992,2004,Jun
May 2004,6874,24432,3355,18141,14.5625,180902.30508474575,143193,40337,1951,8187.0,25443,27548,16371,87713,2639,14270,4270.453125,202420,28072,11817,2004,May
Apr 2004,7137,23419,3290,18384,14.5625,180902.30508474575,114929,35045,2497,8187.0,23438,21679,16269,69470,3325,13605,4270.453125,167129,25667,10788,2004,Apr
Mar 2004,7469,22688,2857,17816,14.5625,180902.30508474575,115849,36024,4057,8187.0,23769,25321,20416,90494,2637,17606,4270.453125,174209,21331,12925,2004,Mar
Feb 2004,4538,16903,2658,16174,14.5625,180902.30508474575,105779,28531,1897,8187.0,18586,20389,20624,74836,2082,13544,4270.453125,146783,15407,10157,2004,Feb
Jan 2004,5005,13379,2756,15169,14.5625,180902.30508474575,90173,23738,1616,8187.0,17029,18637,15821,72164,2218,12984,4270.453125,143729,13205,10285,2004,Jan
Dec 2003,9084,20910,4005,21621,14.5625,180902.30508474575,101647,34716,2096,8187.0,18555,23056,18418,66970,2797,15275,4270.453125,153417,18030,11747,2003,Dec
Nov 2003,7107,21892,3194,18210,14.5625,180902.30508474575,96559,27643,1801,8187.0,16173,19306,16910,63930,2541,13088,4270.453125,147731,28957,10615,2003,Nov
Oct 2003,6631,19594,3091,19273,14.5625,180902.30508474575,100270,28878,2071,8187.0,15181,21781,16282,68046,2655,14785,4270.453125,151157,23787,10854,2003,Oct
Sep 2003,6256,16533,2295,17234,14.5625,180902.30508474575,106652,32264,2656,8187.0,19269,20444,16081,69512,2384,13444,4270.453125,140754,27904,10418,2003,Sep
Aug 2003,8281,20257,2811,17583,14.5625,180902.30508474575,147253,41073,2642,8187.0,24758,28621,27380,80820,2275,19879,4270.453125,200482,32376,11837,2003,Aug
Jul 2003,7973,22105,3084,18742,14.5625,180902.30508474575,128433,36316,2746,8187.0,24009,26737,22881,68602,2551,18327,4270.453125,169631,25674,11593,2003,Jul
Jun 2003,8009,21904,2916,17246,14.5625,180902.30508474575,110290,34807,2439,8187.0,20311,25392,22641,68799,2711,16151,4270.453125,155501,25808,13339,2003,Jun
May 2003,7857,25765,4124.13829787234,19167,14.5625,180902.30508474575,130454,36545,2844,8187.0,22007,23129,21375,70967,3184.904255319149,16415,4270.453125,186764,27941,13120,2003,May
Apr 2003,7209,24131,4124.13829787234,17911,14.5625,180902.30508474575,117783,35001,2451,8187.0,19542,19674,24762,60940,3184.904255319149,14526,4270.453125,151784,25412,10895,2003,Apr
Mar 2003,6380,23432,4124.13829787234,19837,14.5625,180902.30508474575,121694,38291,3310,8187.0,21353,18539,24469,69461,3184.904255319149,17614,4270.453125,165081,26183,12225,2003,Mar
Feb 2003,6156,19127,4124.13829787234,16090,14.5625,180902.30508474575,98809,27508,2546,8187.0,17769,17224,25352,51225,3184.904255319149,14443,4270.453125,124683,22803,8711,2003,Feb
Jan 2003,5478,19823,4124.13829787234,15650,14.5625,180902.30508474575,90003,27179,2727,8187.0,18524,14948,23727,55209,3184.904255319149,12872,4270.453125,119329,17811,9232,2003,Jan
Dec 2002,8282,26252,4124.13829787234,21288,14.5625,180902.30508474575,100736,25444,4243,8187.0,14625,16971,31565,57499,3184.904255319149,14931,4270.453125,141491,25865,11454,2002,Dec
Nov 2002,7138,23579,4124.13829787234,19374,14.5625,180902.30508474575,98075,26042,3309,8187.0,18741,15838,28804,57512,3184.904255319149,13759,4270.453125,136259,22702,7770,2002,Nov
Oct 2002,6648,19634,4124.13829787234,1887,14.5625,180902.30508474575,103256,26297,4538,8187.0,17960,14297,23414,57539,3184.904255319149,16978,4270.453125,135307,25135,8398,2002,Oct
Sep 2002,6588,18412,4124.13829787234,17480,14.5625,180902.30508474575,101249,30257,4431,8187.0,18179,24099,23117,55665,3184.904255319149,14064,4270.453125,122065,27494,8332,2002,Sep
Aug 2002,7707,22315,4124.13829787234,18348,14.5625,180902.30508474575,137273,40266,5390,8187.0,23564,32067,31228,73403,3184.904255319149,18537,4270.453125,186599,34810,10653,2002,Aug
Jul 2002,7168,21955,4124.13829787234,14937,14.5625,180902.30508474575,112542,36744,4134,8187.0,23061,26066,33393,62281,3184.904255319149,16195,4270.453125,156053,32100,10091,2002,Jul
Jun 2002,7299,22465,4124.13829787234,16159,14.5625,180902.30508474575,109958,37007,5944,8187.0,22498,28361,22388,61332,3184.904255319149,15695,4270.453125,151863,32659,10959,2002,Jun
May 2002,7710,23624,4124.13829787234,18074,14.5625,180902.30508474575,106459,34696,4811,8187.0,22790,25035,30874,64060,3184.904255319149,15693,4270.453125,169528,32109,8021,2002,May
Apr 2002,7134,23994,4124.13829787234,18476,14.5625,180902.30508474575,101847,30972,4378,8187.0,20366,21584,30029,61172,3184.904255319149,14155,4270.453125,147334,30216,9039,2002,Apr
Mar 2002,7605,19726,4124.13829787234,20230,14.5625,180902.30508474575,104713,31805,5335,8187.0,21478,22529,32428,76200,3184.904255319149,13605,4270.453125,157028,31551,9732,2002,Mar
Feb 2002,6125,17956,4124.13829787234,14890,14.5625,180902.30508474575,86848,28503,3757,8187.0,17509,16285,31802,58328,3184.904255319149,13042,4270.453125,126092,22122,8037,2002,Feb
Jan 2002,6322,15923,4124.13829787234,15098,14.5625,180902.30508474575,84878,32537,2722,8187.0,16574,15081,26069,54534,3184.904255319149,13092,4270.453125,126508,21362,8176,2002,Jan
Dec 2001,7218,18414,4124.13829787234,20076,14.5625,180902.30508474575,94882,24413,4430,8187.0,17363,19063,31635,61172,3184.904255319149,15926,4270.453125,144202,29363,10921,2001,Dec
Nov 2001,6253,18107,4124.13829787234,18014,14.5625,180902.30508474575,90153,27299,4842,8187.0,16936,19376,33060,56223,3184.904255319149,16122,4270.453125,138183,27465,7465,2001,Nov
Oct 2001,6154,16122,4124.13829787234,18443,14.5625,180902.30508474575,105572,34051,6950,8187.0,24523,23660,27726,63423,3184.904255319149,17442,4270.453125,164084,30032,10455,2001,Oct
Sep 2001,4926,15127,4124.13829787234,15486,14.5625,180902.30508474575,94921,30166,4624,8187.0,20585,19819,23603,55174,3184.904255319149,14242,4270.453125,127203,25023,7714,2001,Sep
Aug 2001,7458,19054,4124.13829787234,18248,14.5625,180902.30508474575,117264,34474,6693,8187.0,23276,22725,28317,59075,3184.904255319149,17156,4270.453125,158918,38728,12131,2001,Aug
Jul 2001,7974,19046,4124.13829787234,16155,14.5625,180902.30508474575,100921,31189,4737,8187.0,19405,24071,22822,56725,3184.904255319149,16105,4270.453125,143283,32011,11228,2001,Jul
Jun 2001,9317,20250,4124.13829787234,17322,14.5625,180902.30508474575,112120,32140,9674,8187.0,21188,28394,23698,63744,3184.904255319149,17733,4270.453125,158633,34375,15104,2001,Jun
May 2001,7719,20231,4124.13829787234,19275,14.5625,180902.30508474575,111537,31597,9140,8187.0,20048,24873,31520,63042,3184.904255319149,16041,4270.453125,167167,34398,12091,2001,May
Apr 2001,6785,20012,4124.13829787234,16546,14.5625,180902.30508474575,96705,26133,10469,8187.0,16060,21860,26601,51148,3184.904255319149,14163,4270.453125,141058,29226,10079,2001,Apr
Mar 2001,7428,17300,4124.13829787234,19166,14.5625,180902.30508474575,106347,27715,9424,8187.0,19159,24573,27431,69200,3184.904255319149,14530,4270.453125,156444,30618,12496,2001,Mar
Feb 2001,5883,15756,4124.13829787234,15217,14.5625,180902.30508474575,91043,24800,6581,8187.0,12665,22865,24331,53893,3184.904255319149,13620,4270.453125,123959,24265,7851,2001,Feb
Jan 2001,6168,13708,4124.13829787234,12690,14.5625,180902.30508474575,86174,22258,4816,8187.0,12513,18323,21649,50489,3184.904255319149,12864,4270.453125,118120,20144,8175,2001,Jan
Dec 2000,7440,20720,4124.13829787234,20306,14.5625,180902.30508474575,88035,17523,10063,8187.0,14510,19933,24712,55552,3184.904255319149,14731,4270.453125,133993,26865,8781,2000,Dec
Nov 2000,6556,17551,4124.13829787234,16175,14.5625,180902.30508474575,80849,17856,7289,8187.0,12643,18726,26015,52617,3184.904255319149,14241,4270.453125,126013,26597,10029,2000,Nov
Oct 2000,6100,15895,4124.13829787234,18381,14.5625,180902.30508474575,85595,17473,4864,8187.0,13726,21493,23574,56427,3184.904255319149,14946,4270.453125,123920,27132,10405,2000,Oct
Sep 2000,6031,14494,4124.13829787234,16952,14.5625,180902.30508474575,102735,20919,8296,8187.0,16438,23728,26007,71152,3184.904255319149,13895,4270.453125,138302,30819,7932,2000,Sep
Aug 2000,7326,16812,4124.13829787234,18110,14.5625,180902.30508474575,117768,23583,7510,8187.0,16454,22476,27540,70096,3184.904255319149,16013,4270.453125,148229,34276,10288,2000,Aug
Jul 2000,6547,15168,4124.13829787234,15291,14.5625,180902.30508474575,107486,23566,6516,8187.0,12300,24418,30005,69029,3184.904255319149,15041,4270.453125,135457,30139,8560,2000,Jul
Jun 2000,6901,15334,4124.13829787234,17919,14.5625,180902.30508474575,104818,23541,13084,8187.0,16140,25327,32321,67086,3184.904255319149,14297,4270.453125,132363,33410,13209,2000,Jun
May 2000,6963,15323,4124.13829787234,16803,14.5625,180902.30508474575,105774,23484,10472,8187.0,13709,24766,29390,67701,3184.904255319149,15693,4270.453125,152375,33074,11779,2000,May
Apr 2000,7725,15337,4124.13829787234,17889,14.5625,180902.30508474575,99613,21046,6963,8187.0,12422,21247,24423,61078,3184.904255319149,12684,4270.453125,132180,30546,9605,2000,Apr
Mar 2000,6868,16516,4124.13829787234,18595,14.5625,180902.30508474575,104855,22001,7963,8187.0,12729,20432,25574,69578,3184.904255319149,14276,4270.453125,140393,31675,12929,2000,Mar
Feb 2000,5730,13793,4124.13829787234,15546,14.5625,180902.30508474575,86726,18565,8302,8187.0,11392,19241,26069,59805,3184.904255319149,13951,4270.453125,127858,27096,10406,2000,Feb
Jan 2000,6185,12480,4124.13829787234,13647,14.5625,180902.30508474575,74606,14834,6744,8187.0,8143,13739,18787,51967,3184.904255319149,12450,4270.453125,128123,23850,9256,2000,Jan
