date,Audi,BMW,Mini,Mercedes Benz,Mitsubishi Fuso,FCA,Honda Group,Hyundai,Isuzu,Jaguar Land Rover,Kia,Mazda,Mitsubishi,Nissan,Porsche,Subaru,Tesla,Toyota Group,Volkswagen,Volvo,Imported,Domestic,Light Trucks,Cars,Light Vehicles,Medium Duty Trucks,Hybrid/Electric/Fuel Cell Vehicles,Price,Delta_P,Return
Jan-19,14253,18102,2457,23721,0,136082,106139,42020,265,10463,37376,20045,8708,100741,5419,46072,18411,156021,23074,5854,226484,511241,468419,252564,135396,0,0,16.6,-0.9,-5.14%
Dec-18,22765,34357,2797,36132,4,196520,155115,65721,534,14079,47428,25870,8986,148720,4086,64541,24712,220910,32047,8826,336987,938357,880440,370718,408603,6985,0,17.5,0.1,0.57%
Nov-18,17082,28330,3528,32879,3,181310,120534,57499,415,11744,45101,20660,7688,110513,5673,56782,16843,190423,26789,8181,290784,802277,742197,328741,370345,6056,0,17.4,-0.1,-0.57%
Oct-18,16056,23262,3166,31719,4,177391,122182,53025,387,10494,45102,18673,8002,109962,4817,55394,17851,191102,29000,7327,276661,794920,713369,339215,361991,6628,0,17.5,0.1,0.57%
Sep-18,19319,25908,3461,30617,3,199819,132668,57359,415,9006,51503,21257,7705,122819,5102,57044,15175,203098,30555,8715,302174,854461,782222,351203,389503,6491,0,17.4,0.8,4.82%
Aug-18,20907,23789,3800,24084,3,193718,147903,57542,319,9648,53864,25816,8416,112376,4083,64088,8514,223055,32255,8970,312111,895183,747178,359763,404581,6111,0,16.6,-0.08,-0.48%
Jul-18,19221,21982,4296,22955,4,170970,138602,51752,272,8089,53112,24125,9950,108792,4020,59426,9517,208770,30520,8622,291055,824339,678516,350658,357421,6318,0,16.68,-0.7,-4.03%
Jun-18,19471,29407,4146,28999,6,202264,146563,64052,301,9335,56571,17423,11149,79943,4892,59841,9351,209602,28941,9868,313653,938474,766415,410102,423803,7109,0,17.38,0.57,3.39%
May-18,19315,30888,4226,30077,6,214294,153069,66056,299,9469,59462,29980,12416,131832,5005,60146,3144,215321,31211,9338,339940,955338,836783,431190,448964,7002,0,16.81,-0.26,-1.52%
Apr-18,19104,27213,3731,30022,4,184149,125701,56063,198,8467,50585,23056,7990,87764,5570,53170,3471,192348,28794,8333,285295,803271,701764,361277,380930,6880,0,17.07,-0.33,-1.90%
Mar-18,20090,35842,4531,31374,17,216063,142392,61540,337,14232,50645,33302,14319,162535,4756,58097,6159,222782,32548,8233,369753,1248753,1076088,515393,451770,7370,51981,17.4,0.44,2.59%
Feb-18,15451,26573,3065,27788,12,165903,115557,46095,267,9013,40672,25731,12973,129930,4382,47249,2698,182195,26660,6283,285472,989464,848940,405848,353086,5602,40883,16.96,-0.11,-0.64%
Jan-18,14511,19016,2937,27498,2,132803,104542,41242,166,9050,35628,24962,8480,123538,4816,44357,6566,167056,24744,5567,260555,868629,761523,348706,287795,5244,37116,17.07,-0.69,-3.89%
Dec-17,26977,34253,4611,39250,34,171946,149317,63594,394,11394,43039,26893,8501,138226,3913,63342,5787,222985,30281,9679,365175,1201865,1064373,471077,405137,7153,52503,17.76,0.36,2.07%
Nov-17,19195,28049,4038,34112,4,154919,133156,57211,340,9862,44302,21469,8609,135985,5555,51721,2863,191617,29207,7854,315425,1051327,900837,441845,358679,5638,43148,17.4,-0.58,-3.23%
Oct-17,19425,23208,3669,31404,4,153373,127353,53010,768,8368,44397,20811,7381,123012,4715,54045,5346,188434,27732,7006,294320,1031777,864013,438682,346277,6150,44462,17.98,-0.49,-2.65%
Sep-17,19308,25571,3736,32096,14,174266,142722,57007,423,9703,52468,25738,8430,139932,5059,55120,4694,226632,32112,7900,332854,1160697,955098,514158,388940,6379,51359,18.47,2.44,15.22%
Aug-17,19811,23553,4448,28954,16,176033,146048,54310,181,9421,53323,25846,8164,108326,4709,63215,2372,227625,32015,7993,330932,1127559,925142,502082,377948,6741,47386,16.03,-0.66,-3.95%
Jul-17,18824,21965,4398,28669,8,161477,150947,54063,250,9081,56403,27089,8025,128295,3901,55703,3384,222057,27091,6967,317792,1074207,882384,481734,355391,5054,44771,16.69,0.1,0.60%
Jun-17,19416,28962,4410,32102,8,187348,139793,54507,257,8706,56143,22342,7625,73720,4516,52057,4076,202376,27377,7303,307756,1142099,866390,499819,406696,6956,45896,16.59,-0.11,-0.65%
May-17,19197,29881,4063,29956,14,193040,148414,60011,206,8106,58507,26047,9429,137471,4805,56135,2146,218252,30014,6202,324921,1167683,924805,542320,427005,5618,48862,16.7,-0.27,-1.58%
Apr-17,18711,26105,3481,29125,6,176176,138386,63050,248,8441,53358,24164,8375,121998,5529,52368,3839,201926,27557,7121,302326,1095619,856493,516421,382791,6733,45917,16.97,0.25,1.48%
Mar-17,18705,36002,4987,31961,11,190254,137227,69265,317,12918,49429,24549,11766,168832,4479,54871,3942,215224,27635,5356,334650,1188918,932342,567009,418607,6081,47990,16.72,-0.6,-3.49%
Feb-17,13741,24712,2154,27035,2,168326,121686,53020,205,9231,42673,22824,10924,135740,3637,45500,2007,174339,25145,4651,277522,1030164,822517,468346,369437,5739,39811,17.32,-0.01,-0.06%
Jan-17,13201,18109,3110,27576,1,152218,106380,46507,203,9102,35626,21698,6457,112319,4602,43879,5500,143048,23510,3472,253268,865465,705326,397066,318146,5592,36910,17.34,-0.72,-3.97%
Dec-16,23195,32835,4658,35871,16,192519,160477,62305,712,12573,54353,28754,7383,152743,4015,63177,5356,243229,37229,10129,370969,1284338,1048935,573688,422465,7826,54218,18.05,0.49,2.77%
Nov-16,17118,26189,4507,32927,5,160827,122924,62507,289,9040,52504,22041,6896,115136,5513,51308,1344,197687,29672,7723,300543,1053323,838934,488213,351127,5859,40477,17.56,-0.24,-1.35%
Oct-16,17721,24017,3954,31383,11,176609,126161,62505,592,8751,48977,22711,7637,113520,4506,53760,5903,186295,24779,6340,285663,1062193,836788,485514,358643,5380,41233,17.8,0.15,0.87%
Sep-16,17617,25389,4024,32470,10,192883,133655,66610,508,8299,49220,24889,7191,127797,4479,54918,4913,197260,24112,5608,300350,1110758,851565,535317,390355,5900,45226,17.65,0.52,3.03%
Aug-16,19264,25531,4969,31556,7,196804,149571,72015,610,9329,54248,26109,7336,124638,5181,60418,3415,213126,29384,7682,334221,1154153,901381,557556,405063,4966,45721,17.13,-0.62,-3.50%
Jul-16,18364,25777,4774,31795,0,180389,152799,75003,406,9473,59969,27915,7890,132475,3878,52093,4270,214233,28758,8584,338882,1158859,900048,568380,390465,5402,46947,17.75,0.76,4.49%
Jun-16,18445,28855,4914,31558,16,202421,138715,67510,338,8448,62572,26188,8023,140553,4482,46598,3962,198257,23809,8592,324973,1169867,883560,582410,435685,5811,40395,16.99,-0.23,-1.33%
May-16,18728,29017,4595,32147,9,194720,147108,71007,347,7114,62926,28328,9025,133496,4578,50083,1631,219339,28779,5536,337323,1166389,871717,606752,424045,5390,40590,17.22,-0.27,-1.57%
Apr-16,17801,24951,4796,31825,9,189005,148829,62213,304,6275,56508,26195,9674,123861,5410,50380,4289,211125,27112,6169,321442,1152133,859570,587952,411949,7064,41638,17.49,0.72,4.31%
Mar-16,18392,30033,4762,31236,12,199467,138221,75310,231,10866,58279,23396,11078,163559,4323,49285,3200,219842,26914,6857,326461,1226630,883606,643375,445283,7316,39063,16.77,-0.74,-4.24%
Feb-16,11718,22498,2839,25210,8,187318,118986,53009,189,7929,49737,21544,7870,130911,3561,42011,1807,187954,22321,5260,264294,1061249,769378,540376,397538,5788,31582,17.51,-0.13,-0.72%
Jan-16,11850,18082,3238,26563,7,171353,100496,45011,139,7007,38305,19703,6264,105734,4354,41101,1561,161283,20079,4244,234841,909070,668775,458714,338259,5696,27028,17.64,0.45,2.59%
Dec-15,20399,34625,5009,38249,18,213924,150893,63508,425,9638,54241,29294,7887,139300,3936,56274,3311,238350,30956,9341,350610,1259728,969558,610456,443595,8103,44881,17.19,-0.77,-4.30%
Nov-15,16700,32003,4444,32813,22,187731,115441,60007,409,7604,45555,22732,6772,107083,4450,46070,2008,189517,23882,6903,290759,1016075,774347,508434,369125,5455,33820,17.97,0.06,0.31%
Oct-15,17700,29439,4087,31751,16,196898,131651,60005,552,8187,50044,25451,7426,116047,4069,51629,1902,204045,30387,7422,310621,1119769,826909,578307,401986,7064,39545,17.91,-0.06,-0.34%
Sep-15,17340,26608,4414,31337,10,194666,133750,64015,388,6850,49820,25616,7556,121782,4425,53070,2223,194399,26141,5527,289469,1131447,819633,578334,410080,4880,41221,17.97,0.21,1.20%
Aug-15,18794,27755,5109,30633,27,190887,155491,72012,303,6368,58895,29938,8289,133351,5008,52697,1750,224381,32332,5869,340334,1204126,870278,648196,419410,4492,46326,17.76,0.26,1.50%
Jul-15,17654,26970,5191,29690,16,180124,146324,71013,218,6253,56311,27157,7868,130872,4730,50517,1817,217181,31300,5619,315774,1176698,841360,626447,397088,5005,44188,17.5,0.21,1.21%
Jun-15,18262,32176,6174,30486,18,185035,134397,67502,294,5860,54137,27223,7963,124228,4223,44335,2490,209912,30436,5985,307025,1149142,793200,635983,404658,5016,42010,17.29,-0.4,-2.26%
May-15,18428,31003,5833,32352,17,202227,154593,63610,265,6586,62433,29606,9575,134779,4268,49561,2000,242579,34758,5023,326536,1285500,863770,723034,446420,5187,51065,17.69,0.76,4.48%
Apr-15,16827,26952,5476,31951,28,189027,130068,68009,289,6390,53282,24123,8216,109848,5217,47241,1995,203329,30009,4636,294182,1139760,783975,626649,405230,5149,41315,16.93,-0.57,-3.24%
Mar-15,17102,34310,5829,32300,24,197261,126293,75019,305,8438,58771,32123,9764,145085,4291,49111,2614,225959,30025,5916,326504,1195165,807663,689610,426094,5353,43023,17.5,1.1,6.68%
Feb-15,11455,25201,3720,25291,15,163586,105466,52505,213,6327,44030,25650,7533,118436,3202,41358,1099,180467,25710,4012,242247,995958,681482,542021,338808,4508,33715,16.4,-0.26,-1.58%
Jan-15,11541,18981,3228,26124,20,145007,102184,44505,142,6547,38299,20271,6493,104107,3937,40812,2036,169194,23504,3794,222111,910371,618447,479121,317990,4496,32196,16.66,-0.05,-0.30%
Dec-14,19238,41526,6615,37297,33,193261,137281,64507,380,7437,45587,24808,6545,117318,3275,49923,1056,215057,34058,4920,295934,1185872,823563,632457,405832,6111,44064,16.71,-0.08,-0.45%
Nov-14,16640,31019,5009,37110,21,170839,121814,53672,250,4897,44936,21242,6534,103188,4699,45273,1052,183346,31726,3623,253714,1026032,702712,557279,351707,4728,40749,16.79,0.53,3.24%
Oct-14,15150,30602,5300,30733,19,170480,121172,50081,213,4650,44694,18798,6199,103117,3667,43012,1648,180580,30312,3972,251947,1009855,680587,558500,351515,5675,41264,16.26,0.02,0.15%
Sep-14,14917,25586,4219,29523,27,169890,118223,56010,237,4248,40628,23980,5558,102955,3607,41517,2029,167279,25996,4667,255543,972819,661402,544259,343071,5272,41821,16.24,-0.98,-5.69%
Aug-14,17101,27214,5006,28960,18,198379,167038,70003,304,5673,54667,31305,6786,134388,4540,50246,362,246100,35181,4960,328202,1242666,814404,726921,414560,5058,60228,17.22,0.69,4.16%
Jul-14,14616,26409,5811,29406,23,180902.3051,135908,67011,457,5830,52309,29238,6349,121452,4300,45714,973,215802,30553,4894,297910,1117196,740603,649699,374026,0,55796,16.53,-0.44,-2.59%
Jun-14,16867,30201,5376,28707,25,180902.3051,129023,67407,409,5301,50644,26208,6021,109643,4102,41367,1215,201714,28827,5983,283147,1118538,712869,661798,387834,0,50967,16.97,0.27,1.65%
May-14,16601,29602,5729,28881,23,194421,152603,70907,362,5840,60087,29731,7269,135934,4609,44170,1100,243236,32163,5014,326775,1266528,810848,751798,442205,6970,64783,16.69,0.41,2.49%
Apr-14,15653,25202,4390,28281,32,178652,132456,66107,327,5568,53676,22434,6542,103934,4072,40083,905,199660,30831,4635,281934,1093671,711290,636830,381293,4830,48236,16.29,-0.5,-2.97%
Mar-14,14246,32107,3655,29316,17,193915,133318,67005,634,6215,54777,34903,8996,149136,3808,44479,1953,215348,36717,5915,331280,1189663,775193,720471,431845,5485,54039,16.79,1.19,7.64%
Feb-14,10881,22017,2459,24030,14,154866,100405,49003,528,5558,41218,24341,5977,115360,3232,34909,701,159284,27112,3991,243439,938723,611862,548901,333976,4561,37336,15.6,0.25,1.63%
Jan-14,10101,18253,2543,23892,28,127183,91631,44005,590,6021,37011,18813,4867,90470,3096,33000,791,146365,23494,3792,215567,789902,518762,462970,276940,4103,33338,15.35,-0.17,-1.13%
Dec-13,17013,37389,6592,35835,46,180902.3051,135255,63005,417,7308,33631,22964,6423,109758,3246,40172,1916,190843,34015,4888,301110,1035424,718359,569353,371627,0,46111,15.52,-0.52,-3.24%
Nov-13,13636,31752,4575,36386,59,180902.3051,116507,56005,398,6047,45411,20754,6071,106528,3966,36621,1246,178044,30727,4233,279977,944957,640291,539399,326284,0,45354,16.04,0.77,5.04%
Oct-13,13001,27574,5700,32107,16,180902.3051,114538,53555,296,5801,39754,19738,4752,91018,3562,34483,1098,168976,28129,3919,257989,928501,621467,524529,325674,0,45115,15.27,-0.01,-0.07%
Sep-13,13065,23568,5306,26849,14.5625,180902.3051,105563,55102,266,8187,38003,22464,4001,86868,3093,31755,4270.453125,164457,31920,4188,249584,871699,566610,517622,323130,0,41046,15.28,-0.37,-2.36%
Aug-13,14005,24523,6023,26151,14.5625,180902.3051,166432,66101,253,8187,52025,28106,5281,120498,3327,41061,4270.453125,231537,40342,5518,328692,1152340,746445,696720,380873,0,63205,15.65,-0.04,-0.25%
Jul-13,13064,24043,5950,25563,14.5625,180902.3051,141439,66005,212,8187,49004,24977,5230,109041,3820,35994,4270.453125,193394,35779,5909,291624,1003726,652950,603628,327415,0,52187,15.69,-0.05,-0.32%
Jun-13,13706,27074,6571,26381,14.5625,180902.3051,136915,65007,230,8187,50536,22496,5297,104124,3700,39235,4270.453125,195235,36957,6678,285932,1101426,692641,652536,386384,0,90505,15.74,0.45,2.94%
May-13,13228,25230,5944,26541,14.5625,180902.3051,140013,68358,306,8187,52327,24270,4715,114457,3928,39892,4270.453125,207952,38013,6329,291156,1135022,715003,670079,406514,0,93385,15.29,-0.14,-0.91%
Apr-13,13157,23225,5786,25490,14.5625,180902.3051,130999,63315,270,8187,47556,19894,4461,87847,4032,32943,4270.453125,176160,33644,4464,258185,1012711,628095,604111,364010,0,82510,15.43,-0.07,-0.45%
Mar-13,13253,27078,6071,26175,14.5625,180902.3051,136038,68306,404,8187,49125,32028,5286,137726,3487,36701,4270.453125,205342,37704,5365,300038,1133168,694009,700304,402247,0,51655,15.5,-0.07,-0.45%
Feb-13,10877,21311,4302,23268,14.5625,180902.3051,107987,52311,314,8187,41505,24936,6051,99636,2805,28163,4270.453125,166377,31456,4867,239148,938957,574745,568843,330166,0,43500,15.57,0.16,1.04%
Jan-13,10056,16513,3682,23578,14.5625,180902.3051,93626,43713,257,8187,36302,21319,4659,80919,3358,27663,4270.453125,157725,29018,4875,211387,820010,504228,491259,280732,0,37589,15.41,0.19,1.24%
Dec-12,14841,37399,6456,30375,14.5625,180902.3051,132774,59435,187,8187,39178,27253,4113,99290,2952,36653,4270.453125,194143,44005,6150,278618,1060540,701112,592107,360479,0,49884,15.22,0.14,0.93%
Nov-12,12067,31213,5248,31945,14.5625,180902.3051,116580,53487,181,8187,41055,21691,3574,96197,3865,28206,4270.453125,161695,36728,6141,251670,878209,573196,511276,295406,0,40868,15.08,0.6,4.14%
Oct-12,11708,26451,5888,25644,14.5625,180902.3051,106973,50271,177,8187,42452,18622,3981,79685,3211,26119,4270.453125,155242,34311,4200,228030,850923,543670,495900,289742,0,39495,14.48,-0.33,-2.25%
Sep-12,12302,21761,4899,24950,14.5625,180902.3051,117211,60025,166,8187,48105,24135,4806,91907,2736,27683,4270.453125,171910,36339,4977,255566,919111,584605,551035,312014,0,40094,14.81,0.66,4.69%
Aug-12,11527,16835,5718,22686,14.5625,180902.3051,131321,61099,177,8187,50028,22234,4249,98515,3026,28293,4270.453125,188520,41011,6323,261437,1010197,631784,600430,340763,0,42498,14.15,0.04,0.28%
Jul-12,11707,21297,5855,21514,14.5625,180902.3051,116944,62021,142,8187,48074,19318,4194,98341,2803,25183,4270.453125,164898,37014,5717,252210,889008,566734,536433,296183,0,34172,14.11,-0.02,-0.15%
Jun-12,12664,21725,5995,24371,14.5625,180902.3051,124808,63813,160,8187,51326,19911,5411,92237,3002,27702,4270.453125,177795,38170,7107,262575,1007011,622105,607576,348311,0,37037,14.13,0.08,0.57%
May-12,11503,22168,6153,24556,14.5625,180902.3051,133997,67019,226,8187,51771,20357,5575,91794,2852,29724,4270.453125,202973,38657,6246,269376,1046759,643890,636294,361580,0,40090,14.05,-0.42,-2.91%
Apr-12,11521,21062,5731,24302,14.5625,180902.3051,122012,62264,197,8187,47550,21506,5280,71329,3437,26310,4270.453125,178044,37525,4848,252263,913880,549102,585023,317785,0,0,14.47,0.26,1.82%
Mar-12,11585,23940,5866,24509,14.5625,180902.3051,126999,69728,269,8187,57505,32376,7160,136317,2460,32387,4270.453125,203282,36588,6693,307506,1072420,638756,710620,381974,0,0,14.22,-0.36,-2.50%
Feb-12,8531,21204,4980,18910,14.5625,180902.3051,110157,51151,222,8187,45038,25651,4736,106731,2149,25374,4270.453125,159423,30577,5263,241704,889306,535350,570705,309023,0,0,14.58,0.58,4.13%
Jan-12,9354,16405,3334,21230,14.5625,180902.3051,83009,42694,186,8187,35517,23996,4711,79313,2550,22807,4270.453125,124540,27209,4461,199521,696909,441299,430156,234555,0,0,14,0.54,4.02%
Dec-11,12655,26834,5711,27296,14.5625,180902.3051,105230,50765,208,8187,43390,22353,5032,100927,1834,33701,4270.453125,178131,32502,5342,262561,960998,680874,507539,343166,0,0,13.46,0.1,0.75%
Nov-11,9700,21521,4750,27841,14.5625,180902.3051,83925,49610,159,8187,37007,18432,3735,85182,2255,17657,4270.453125,137960,28412,4844,219260,761656,526840,419541,270823,0,0,13.36,0.09,0.68%
Oct-11,10225,21873,5415,24122,14.5625,180902.3051,98333,52402,158,8187,37690,18326,4378,82346,2270,20081,4270.453125,134046,28028,4899,216422,789875,536524,437510,279218,0,0,13.27,0.26,2.00%
Sep-11,9725,21750,3999,23428,14.5625,180902.3051,89532,52051,116,8187,35609,25521,5803,92964,2170,20934,4270.453125,121451,27036,5042,221398,815579,563609,443746,298627,0,0,13.01,0.61,4.92%
Aug-11,10201,20815,3999,20323,14.5625,180902.3051,82321,58505,115,8187,41188,22632,7985,91541,2184,20837,4270.453125,129482,25232,5215,233016,824959,560300,468659,302204,0,0,12.4,0,0.00%
Jul-11,9146,21409,4711,20738,14.5625,180902.3051,80502,59561,129,8187,45504,20783,7972,84601,2768,21730,4270.453125,130802,29066,5595,239500,804660,548674,465226,288858,0,0,12.4,0.72,6.16%
Jun-11,10051,21637,5228,22563,14.5625,180902.3051,83892,59209,119,8187,45044,19307,8299,71941,2546,19794,4270.453125,110937,28444,7100,228111,809331,520689,482874,310006,0,0,11.68,-0.31,-2.59%
May-11,10457,20651,5801,20306,14.5625,180902.3051,90773,59214,136,8187,48212,17875,7568,76148,2817,20036,4270.453125,108387,30100,7359,235304,810532,510280,501636,303331,0,0,11.99,-1.08,-8.26%
Apr-11,10018,18801,6446,19157,14.5625,180902.3051,124799,61754,135,8187,47074,20638,8081,71526,3172,24762,4270.453125,159540,28542,6404,261998,879545,543448,564912,303367,0,0,13.07,0.22,1.71%
Mar-11,9818,20295,6087,22546,14.5625,180902.3051,133650,61873,179,8187,44179,30905,7560,121141,2588,26916,4270.453125,176222,27176,6369,291194,936277,586974,607427,329729,0,0,12.85,0.05,0.39%
Feb-11,7753,16416,3503,16176,14.5625,180902.3051,98059,43533,131,8187,32806,19387,6893,92370,2019,21683,4270.453125,141846,21461,4795,215187,761074,497728,457988,248004,0,0,12.8,0.31,2.48%
Jan-11,7812,15905,2751,17273,14.5625,180902.3051,76269,37214,105,8187,27789,14267,5714,71847,2400,18858,4270.453125,115856,18401,4276,182791,620903,427271,355232,194652,0,0,12.49,0.06,0.48%
Dec-10,10546,23280,4320,21469,14.5625,180902.3051,129616,44802,132,8187,30444,21479,4874,93730,2567,26694,4270.453125,177488,23867,4756,253741,874497,617715,482812,290893,0,0,12.43,0.31,2.56%
Nov-10,9365,20097,2786,19037,14.5625,180902.3051,89617,40723,124,8187,26601,15304,4306,71366,2416,20792,4270.453125,129317,20189,4078,201508,657819,462680,373735,221108,0,0,12.12,-0.12,-0.98%
Oct-10,8128,19272,3950,19076,14.5625,180902.3051,98811,42656,0,8187,31199,18013,5111,69773,2647,22720,4270.453125,145474,20084,3996,218276,716522,498666,412987,247787,0,0,12.24,0.57,4.88%
Sep-10,8151,18228,4884,20666,14.5625,180902.3051,97361,46556,0,8187,30071,18580,4961,74205,1971,21432,4270.453125,147162,19943,4152,215261,730118,479134,439933,260452,0,0,11.67,-0.16,-1.35%
Aug-10,9182,19540,4425,19674,14.5625,180902.3051,108729,53603,0,8187,32465,19270,4293,76827,2032,22239,4270.453125,148388,22855,4441,235544,746791,489334,467265,256938,0,0,11.83,0.09,0.77%
Jul-10,7817,19064,4326,18048,14.5625,180902.3051,112437,54106,0,8187,35419,20694,5648,82337,2703,23983,4270.453125,169224,23880,4319,242992,793303,528653,482943,259202,0,0,11.74,0.33,2.89%
Jun-10,8601,19182,4149,18997,14.5625,180902.3051,106627,51205,0,8187,31906,18238,4198,64570,2141,21601,4270.453125,140604,21051,4995,212233,759901,482621,460429,263177,0,0,11.41,-0.43,-3.63%
May-10,9205,17859,4233,19176,14.5625,180902.3051,117173,49045,0,8187,31431,22605,4737,83764,1873,23667,4270.453125,162813,23543,4659,234468,859152,539014,524664,296831,0,0,11.84,0.58,5.15%
Apr-10,9319,17268,3843,18228,14.5625,180902.3051,113697,44023,0,8187,30036,18935,3932,63769,1747,23198,4270.453125,157439,23135,4546,212114,761826,478788,465793,258440,0,0,11.26,-0.31,-2.68%
Mar-10,8589,18060,3610,20023,14.5625,180902.3051,108262,47002,0,8187,30522,23193,5434,95468,1905,23785,4270.453125,186863,22148,5237,243423,813647,521884,504692,270862,0,0,11.57,1.45,14.33%
Feb-10,6216,15100,2871,15385,14.5625,180902.3051,80671,34004,0,8187,24052,17054,4019,70189,1531,18098,4270.453125,100027,16996,4641,171794,600811,375040,374304,221828,0,0,10.12,-0.58,-5.42%
Jan-10,6510,13163,2247,15158,14.5625,180902.3051,67479,30503,0,8187,22123,15694,4170,62572,1786,15611,4270.453125,98796,17315,4128,164257,525829,331826,336322,169299,0,0,10.7,-0.4,-3.60%
Dec-09,9030,20128,3489,20025,14.5625,180902.3051,107143,33797,0,8187,21048,18255,4355,73404,2118,23074,4270.453125,187860,19554,5638,222880,794273,508915,478884,264658,0,0,11.1,0.25,2.30%
Nov-09,6810,15708,2564,16797,14.5625,180902.3051,74003,28045,0,8187,17955,14255,2925,56288,1626,16988,4270.453125,133700,15710,4631,169795,568462,367281,346424,181790,0,0,10.85,0.45,4.33%
Oct-09,7358,16443,4176,18193,14.5625,180902.3051,85502,31005,0,8187,22490,15068,3867,60115,1642,18169,4270.453125,152165,16368,4437,193457,633452,404893,396264,197960,0,0,10.4,1.04,11.11%
Sep-09,7209,15047,4128,16985,14.5625,180902.3051,77229,31511,0,8187,21623,14234,4712,55393,1581,14593,4270.453125,126015,16457,4716,177662,554988,340382,369098,171741,0,0,9.36,-5.22,-35.80%
Aug-09,8057,19232,5111,17112,14.5625,180902.3051,161439,60467,0,8187,40198,26542,6813,105312,1526,28683,4270.453125,225088,22725,5826,333760,906348,529992,686900,269234,0,0,14.58,3.18,27.89%
Jul-09,6407,16381,4872,16228,14.5625,180902.3051,114690,45553,0,8187,29345,19032,4847,71847,1544,21839,4270.453125,174872,19240,6441,255076,727437,440106,516817,247277,0,0,11.4,1.42,14.23%
Jun-09,7524,16744,4105,15155,14.5625,180902.3051,100420,37943,0,8187,26845,13729,4362,58298,902,18620,4270.453125,131654,16928,7042,207824,639223,393786,427445,216151,0,0,9.98,-0.03,-0.30%
May-09,7503,18383,4610,15134,14.5625,180902.3051,98344,36937,0,8187,26060,16718,4352,67489,1979,17505,4270.453125,152583,18178,5577,227239,685796,432492,454105,234656,0,0,10.01,0.79,8.57%
Apr-09,7010,15705,3657,14565,14.5625,180902.3051,101029,33952,0,8187,25606,16139,3919,47190,1853,15649,4270.453125,126540,13683,4503,200614,604969,379814,402213,206203,0,0,9.22,-0.35,-3.66%
Mar-09,6433,17520,3605,15602,14.5625,180902.3051,88379,40721,0,8187,24724,21974,4620,66634,1749,16249,4270.453125,132802,14691,6358,222810,615351,399897,414042,225766,0,0,9.57,0.53,5.86%
Feb-09,4653,12979,2826,14199,14.5625,180902.3051,71575,30621,0,8187,22073,16401,4484,54249,1518,13089,4270.453125,109583,13157,3356,182992,492659,339198,318780,179754,0,0,9.04,-0.56,-5.83%
Jan-09,4722,12232,2082,10433,14.5625,180902.3051,71031,24512,165,8187,22096,15420,4730,53884,1658,12194,4270.453125,117287,12081,2910,173610,468175,333884,295038,152307,0,0,9.6,-0.58,-5.70%
Dec-08,7712,18060,3566,18507,14.5625,180902.3051,86085,24037,188,8187,14644,17965,4570,62102,2154,17287,4270.453125,141949,16678,4953,204517,673348,460739,390374,223318,0,0,10.18,-0.11,-1.07%
Nov-08,6788,15217,4545,14102,14.5625,180902.3051,76233,19221,130,8187,15182,14134,5096,46605,1378,13706,4270.453125,130307,12971,4404,182239,548821,379364,330362,203613,0,0,10.29,-0.41,-3.83%
Oct-08,7443,20203,5272,14996,14.5625,180902.3051,85864,20820,251,8187,15483,16442,7486,56945,1427,12916,4270.453125,152101,15100,3717,200592,618480,401215,397423,223091,0,0,10.7,-1.99,-15.68%
Sep-08,7584,14744,3762,18779,14.5625,180902.3051,96626,24765,258,8187,17383,16169,7378,59565,1458,14491,4270.453125,144260,16734,4054,199825,741154,476183,446332,223705,0,0,12.69,-1.14,-8.24%
Aug-08,6406,25462,5469,18507,14.5625,180902.3051,146855,41130,289,8187,25065,23680,9200,108493,1404,18933,4270.453125,211533,22292,4669,291230,936778,608504,595804,260738,0,0,13.83,1.1,8.64%
Jul-08,6804,23914,5063,20733,14.5625,180902.3051,138744,40703,303,8187,28021,22418,9644,95319,3128,16271,4270.453125,197424,20442,5124,299738,813311,503050,580714,254056,0,0,12.73,-1.34,-9.52%
Jun-08,8203,20944,5211,19576,14.5625,180902.3051,142539,50033,364,8187,28292,23771,7494,75847,2650,18007,4270.453125,193234,23208,7001,290649,875013,510657,622361,284038,0,0,14.07,-0.29,-2.02%
May-08,8534,25469,6312,21785,14.5625,180902.3051,167997,46415,510,8187,31047,27921,10430,100874,2796,18436,4270.453125,257404,22346,7238,344764,1022267,581903,752675,354126,0,0,14.36,0.08,0.56%
Apr-08,7730,26735,4713,20271,14.5625,180902.3051,135180,39280,558,8187,30066,23760,8878,75855,2863,16771,4270.453125,217700,19415,7138,307048,910983,569552,621851,336380,0,0,14.28,-0.54,-3.64%
Mar-08,7987,23115,4289,20808,14.5625,180902.3051,138734,42796,683,8187,24871,32929,10750,106921,2467,16685,4270.453125,217730,19587,9263,318554,1004008,651196,645556,378839,0,0,14.82,-0.38,-2.50%
Feb-08,6152,20775,3415,18564,14.5625,180902.3051,115397,31090,790,8187,21988,23548,9105,86219,1715,12907,4270.453125,182169,16556,7505,250184,891252,597052,530602,334836,0,0,15.2,-0.25,-1.62%
Jan-08,6418,14475,2460,18275,14.5625,180902.3051,98511,21452,433,8187,21355,21212,7226,76605,2595,11289,4270.453125,171849,14411,8036,225491,787385,526481,472413,285188,0,0,15.45,-0.33,-2.10%
Dec-07,8504,30199,3562,27301,14.5625,180902.3051,131792,46487,492,8187,24068,24933,5904,89555,2891,18739,4270.453125,224399,20543,9341,297831,1039106,735603,593440,386869,0,0,15.78,-0.31,-1.95%
Nov-07,9104,23808,3177,22819,14.5625,180902.3051,111431,31883,496,8187,24177,20580,7983,80683,2662,14868,4270.453125,197189,17689,8227,265066,877584,594131,531941,329642,0,0,16.1,-0.09,-0.57%
Oct-07,7421,23451,3370,22820,14.5625,180902.3051,114799,30232,576,8187,25185,22201,9280,84947,2862,14979,4270.453125,197592,17260,7761,266035,930617,651280,527420,327070,0,0,16.19,-0.07,-0.41%
Sep-07,8021,20901,4031,22459,14.5625,180902.3051,127200,33214,565,8187,24087,25098,12102,94269,2641,16457,4270.453125,213043,18891,8408,271519,1005881,682832,577221,335303,0,0,16.26,0.15,0.92%
Aug-07,7620,26562,4077,20980,14.5625,180902.3051,158342,45087,606,8187,26874,24762,13020,95527,2548,16573,4270.453125,233471,21655,9119,304707,1135137,774365,647550,370308,0,0,16.11,0.56,3.60%
Jul-07,7127,24295,4069,18586,14.5625,180902.3051,141049,43511,586,8187,26690,25853,10347,87877,3230,15438,4270.453125,224058,19653,9549,289024,980955,668792,585977,317167,0,0,15.55,-0.33,-2.08%
Jun-07,7789,25220,4174,19589,14.5625,180902.3051,140935,49368,676,8187,26288,25761,13014,92213,3267,17108,4270.453125,245739,23137,9572,311920,1102795,712929,683170,414620,0,0,15.88,-0.47,-2.88%
May-07,8788,26689,4130,21771,14.5625,180902.3051,145367,43885,707,8187,28494,26788,13651,93062,3348,16282,4270.453125,269023,22325,9192,331830,1193316,764358,738851,442944,0,0,16.35,0.07,0.40%
Apr-07,8106,25310,3382,20895,14.5625,180902.3051,126419,39137,592,8187,26007,21060,12047,71124,3015,13786,4270.453125,210457,19086,8122,279834,1024151,695763,586755,406966,0,0,16.28,0.21,1.34%
Mar-07,8020,25325,3655,21612,14.5625,180902.3051,143392,41984,743,8187,27567,37742,12536,111119,3278,18027,4270.453125,242675,17355,10661,339042,1160377,801440,679697,454128,0,0,16.07,-0.75,-4.44%
Feb-07,4862,22274,2368,17304,14.5625,180902.3051,110026,34500,559,8187,23512,22067,9726,85218,1967,12874,4270.453125,187330,16367,8453,252443,966170,676522,531354,371950,0,0,16.82,0.37,2.25%
Jan-07,4763,19761,2050,17069,14.5625,180902.3051,100790,27721,500,8187,22524,19265,9383,82644,2984,12074,4270.453125,175850,16610,7808,240465,813552,566569,477077,309284,0,0,16.44,-0.19,-1.15%
Dec-06,9576,30945,2472,28115,14.5625,180902.3051,131778,37365,637,8187,30004,19912,9910,91775,2850,20613,4270.453125,228322,19942,8525,311783,1077990,763920,603261,406223,0,0,16.64,0.45,2.79%
Nov-06,7190,22602,3287,22079,14.5625,180902.3051,106446,28417,565,8187,22203,20792,9256,76015,2611,15800,4270.453125,196695,17082,9229,257991,900726,646885,497612,330953,0,0,16.18,-0.19,-1.19%
Oct-06,4778,20822,3642,20598,14.5625,180902.3051,110624,30479,638,8187,20097,18843,9288,75095,2355,15404,4270.453125,189011,15942,8384,249432,924961,657280,510181,360638,0,0,16.38,-0.09,-0.56%
Sep-06,6671,20339,2964,19873,14.5625,180902.3051,116226,33384,726,8187,23877,20261,10287,88340,2211,16128,4270.453125,222950,20082,9672,276106,1041299,704772,596804,392253,0,0,16.47,0.52,3.25%
Aug-06,6338,22421,3252,20602,14.5625,180902.3051,151253,44635,618,8187,25114,22311,10954,89848,2397,17809,4270.453125,240178,23420,10582,311795,1137662,753440,678516,417184,0,0,15.95,-1.21,-7.07%
Jul-06,6415,20083,3528,21591,14.5625,180902.3051,151804,47205,712,8187,26429,25963,10502,86408,3202,18923,4270.453125,241826,22627,10323,318284,1136646,762587,673005,374796,0,0,17.17,0.76,4.65%
Jun-06,6729,24179,3556,20802,14.5625,180902.3051,126449,44508,745,8187,27443,23727,10004,75154,2871,18476,4270.453125,223018,20121,10867,300206,1166209,767602,673769,437251,0,0,16.4,0.19,1.14%
May-06,7120,24688,3672,21621,14.5625,180902.3051,141810,42514,638,8187,26494,27321,11821,86667,3272,16406,4270.453125,235708,22100,10124,302182,1143096,742112,687938,452246,0,0,16.22,-0.4,-2.42%
Apr-06,7412,25250,3313,21270,14.5625,180902.3051,139124,41025,884,8187,27808,22385,10841,86720,3341,16073,4270.453125,219965,20528,9736,289624,1116037,720762,666940,436013,0,0,16.62,0.16,0.95%
Mar-06,6994,24501,3851,21417,14.5625,180902.3051,128806,41766,947,8187,26004,25514,10250,103095,3185,19048,4270.453125,217286,20730,11124,286330,1202064,819169,646659,489101,0,0,16.46,-0.11,-0.66%
Feb-06,4806,19328,2690,17356,14.5625,180902.3051,106644,34014,796,8187,20719,23580,7976,84241,2700,13635,4270.453125,166940,16329,8397,219237,1008101,674471,536038,419767,0,0,16.57,-1.05,-5.98%
Jan-06,6084,19274,2944,12469,14.5625,180902.3051,98394,30208,708,8187,18110,18177,7469,75891,3232,12384,4270.453125,160625,16237,8844,216264,896681,569906,526277,346039,0,0,17.63,0.9,5.36%
Dec-05,8842,26464,2436,31192,14.5625,180902.3051,132800,43021,839,8187,18767,19156,9673,91253,2861,19919,4270.453125,203279,25956,9080,289577,1153947,842811,572651,437392,0,0,16.73,0.66,4.13%
Nov-05,7909,23673,3171,18284,14.5625,180902.3051,105860,33383,738,8187,20091,17817,8902,77212,2675,14521,4270.453125,169665,18046,8076,231561,901541,609655,503505,345952,0,0,16.07,1.17,7.88%
Oct-05,6659,22432,3203,18349,14.5625,180902.3051,110895,29413,778,8187,20631,19505,9292,72279,2588,16774,4270.453125,173086,17207,8671,232658,882291,572208,524709,349453,0,0,14.89,-1.58,-9.59%
Sep-05,7854,22052,3027,17552,14.5625,180902.3051,121163,38214,656,8187,23404,19918,9054,93540,2144,16100,4270.453125,178417,21646,9514,254353,1042799,670794,606037,387533,0,0,16.47,-0.48,-2.83%
Aug-05,6911,25537,3342,19267,14.5625,180902.3051,156173,42113,722,8187,23820,22135,10945,92365,2735,17426,4270.453125,205362,23083,10806,283607,1157909,771241,655028,456326,0,0,16.95,-3.7,-17.92%
Jul-05,7190,23178,3662,20791,14.5625,180902.3051,143217,44431,845,8187,26052,24820,10376,107300,2804,17959,4270.453125,216417,21553,11499,289629,1634118,1080330,663600,586575,0,0,20.65,2.65,14.73%
Jun-05,7209,23392,3607,18242,14.5625,180902.3051,126416,43051,1289,8187,27095,21958,10621,92781,2551,17946,4270.453125,194875,19071,12266,274455,1359157,957101,658013,489779,0,0,18,1.03,6.09%
May-05,6455,23048,3878,17811,14.5625,180902.3051,122169,40416,1221,8187,25503,26657,11380,93519,3291,14475,4270.453125,201493,16297,10798,268042,1191374,797437,644871,481006,0,0,16.97,-0.36,-2.05%
Apr-05,7202,21072,4310,18805,14.5625,180902.3051,135597,40958,1412,8187,27158,22249,9230,91621,3065,16717,4270.453125,210466,18458,10725,278269,1185724,775619,668483,469824,0,0,17.32,0.35,2.09%
Mar-05,6502,20149,4127,18162,14.5625,180902.3051,128548,40063,1418,8187,25722,26153,14776,105804,2799,17301,4270.453125,203223,16738,11614,276475,1255879,843770,673020,498637,0,0,16.97,0.53,3.22%
Feb-05,5256,18356,3140,13513,14.5625,180902.3051,98130,33940,1166,8187,20454,20806,12477,82412,2243,14524,4270.453125,163059,13457,10404,221631,995617,669478,535045,422875,0,0,16.44,0.04,0.23%
Jan-05,5077,16847,2917,12101,14.5625,180902.3051,81504,26009,1093,8187,17154,17060,7269,76584,2177,12340,4270.453125,140954,12683,10134,196111,837279,563545,454381,333603,0,0,16.4,-1.27,-7.17%
Dec-04,7650,25482,3810,26607,14.5625,180902.3051,137381,37148,1680,8187,20108,20866,11151,92268,2695,19324,4270.453125,187932,21469,12207,282741,1215616,871012,600861,470983,0,0,17.67,0.72,4.24%
Nov-04,6879,20732,3363,18832,14.5625,180902.3051,95524,29682,1514,8187,23303,17618,8301,80376,2425,13817,4270.453125,154272,17224,10889,232675,934272,667225,474922,382139,0,0,16.95,-0.14,-0.81%
Oct-04,6089,22618,3189,18323,14.5625,180902.3051,110502,33111,2076,8187,22973,21265,9160,86599,3021,16531,4270.453125,170815,21888,11612,258854,1037435,734394,541866,419653,0,0,17.09,-0.38,-2.16%
Sep-04,5835,21767,2917,17445,14.5625,180902.3051,108470,35025,2267,8187,23001,18894,9282,80350,2355,15843,4270.453125,161793,20872,10541,242884,1159138,816981,566272,433978,0,0,17.47,0.71,4.25%
Aug-04,6473,22167,2334,17984,14.5625,180902.3051,126625,38513,2327,8187,21132,21216,10721,80314,2562,16065,4270.453125,180394,22724,12598,257966,1132105,778489,593246,429489,0,0,16.75,-0.15,-0.89%
Jul-04,7021,21479,2607,18962,14.5625,180902.3051,129872,40125,2749,8187,23637,23487,11192,93297,2705,17596,4270.453125,200206,25560,12255,272946,1241268,858985,637057,455070,0,0,16.9,1.11,7.03%
Jun-04,6947,25013,2896,17484,14.5625,180902.3051,116101,41336,2557,8187,27636,26962,12301,78107,2807,16217,4270.453125,170366,22692,12992,257662,1149005,762098,623151,475380,0,0,15.79,-2.01,-11.30%
May-04,6874,24432,3355,18141,14.5625,180902.3051,143193,40337,1951,8187,25443,27548,16371,87713,2639,14270,4270.453125,202420,28072,11817,277436,1307364,872511,695740,517648,0,0,17.81,1.27,7.70%
Apr-04,7137,23419,3290,18384,14.5625,180902.3051,114929,35045,2497,8187,23438,21679,16269,69470,3325,13605,4270.453125,167129,25667,10788,252476,1130291,764532,597886,456077,0,0,16.53,-0.36,-2.13%
Mar-04,7469,22688,2857,17816,14.5625,180902.3051,115849,36024,4057,8187,23769,25321,20416,90494,2637,17606,4270.453125,174209,21331,12925,263680,1199642,797665,647165,487600,0,0,16.89,0.22,1.34%
Feb-04,4538,16903,2658,16174,14.5625,180902.3051,105779,28531,1897,8187,18586,20389,20624,74836,2082,13544,4270.453125,146783,15407,10157,216661,1022126,682536,544928,417276,0,0,16.67,0.32,1.97%
Jan-04,5005,13379,2756,15169,14.5625,180902.3051,90173,23738,1616,8187,17029,18637,15821,72164,2218,12984,4270.453125,143729,13205,10285,198677,892891,616297,460616,359450,0,0,16.35,-0.68,-4.01%
Dec-03,9084,20910,4005,21621,14.5625,180902.3051,101647,34716,2096,8187,18555,23056,18418,66970,2797,15275,4270.453125,153417,18030,11747,245229,1148792,833859,534276,454202,0,0,17.03,-0.2,-1.16%
Nov-03,7107,21892,3194,18210,14.5625,180902.3051,96559,27643,1801,8187,16173,19306,16910,63930,2541,13088,4270.453125,147731,28957,10615,227761,997681,688662,516420,394311,0,0,17.23,1.05,6.49%
Oct-03,6631,19594,3091,19273,14.5625,180902.3051,100270,28878,2071,8187,15181,21781,16282,68046,2655,14785,4270.453125,151157,23787,10854,226616,1040648,717037,531070,429742,0,0,16.18,-0.79,-4.66%
Sep-03,6256,16533,2295,17234,14.5625,180902.3051,106652,32264,2656,8187,19269,20444,16081,69512,2384,13444,4270.453125,140754,27904,10418,227193,1034056,691671,554132,420790,0,0,16.97,-0.98,-5.47%
Aug-03,8281,20257,2811,17583,14.5625,180902.3051,147253,41073,2642,8187,24758,28621,27380,80820,2275,19879,4270.453125,200482,32376,11837,298585,1278650,876672,692574,478903,0,0,17.95,1.15,6.81%
Jul-03,7973,22105,3084,18742,14.5625,180902.3051,128433,36316,2746,8187,24009,26737,22881,68602,2551,18327,4270.453125,169631,25674,11593,268209,1192739,816151,634550,454748,0,0,16.81,0.09,0.55%
Jun-03,8009,21904,2916,17246,14.5625,180902.3051,110290,34807,2439,8187,20311,25392,22641,68799,2711,16151,4270.453125,155501,25808,13339,246365,1181693,771012,642711,487653,0,0,16.71,0.54,3.32%
May-03,7857,25765,4124.138298,19167,14.5625,180902.3051,130454,36545,2844,8187,22007,23129,21375,70967,3184.904255,16415,4270.453125,186764,27941,13120,275451,1251283,832004,682193,523406,0,0,16.18,-0.29,-1.77%
Apr-03,7209,24131,4124.138298,17911,14.5625,180902.3051,117783,35001,2451,8187,19542,19674,24762,60940,3184.904255,14526,4270.453125,151784,25412,10895,249350,1111646,743876,611005,467019,0,0,16.47,0.18,1.13%
Mar-03,6380,23432,4124.138298,19837,14.5625,180902.3051,121694,38291,3310,8187,21353,18539,24469,69461,3184.904255,17614,4270.453125,165081,26183,12225,268872,1139114,744223,652675,485401,0,0,16.28,0.41,2.59%
Feb-03,6156,19127,4124.138298,16090,14.5625,180902.3051,98809,27508,2546,8187,17769,17224,25352,51225,3184.904255,14443,4270.453125,124683,22803,8711,219379,959329,620258,542933,423390,0,0,15.87,-0.58,-3.52%
Jan-03,5478,19823,4124.138298,15650,14.5625,180902.3051,90003,27179,2727,8187,18524,14948,23727,55209,3184.904255,12872,4270.453125,119329,17811,9232,217413,833540,528025,510210,355557,0,0,16.45,-1.17,-6.62%
Dec-02,8282,26252,4124.138298,21288,14.5625,180902.3051,100736,25444,4243,8187,14625,16971,31565,57499,3184.904255,14931,4270.453125,141491,25865,11454,252053,1146143,789348,581468,456424,0,0,17.62,1.4,8.64%
Nov-02,7138,23579,4124.138298,19374,14.5625,180902.3051,98075,26042,3309,8187,18741,15838,28804,57512,3184.904255,13759,4270.453125,136259,22702,7770,232497,926460,607337,536078,404195,0,0,16.22,0.27,1.71%
Oct-02,6648,19634,4124.138298,1887,14.5625,180902.3051,103256,26297,4538,8187,17960,14297,23414,57539,3184.904255,16978,4270.453125,135307,25135,8398,204373,1043259,675054,580900,421421,0,0,15.94,-0.38,-2.31%
Sep-02,6588,18412,4124.138298,17480,14.5625,180902.3051,101249,30257,4431,8187,18179,24099,23117,55665,3184.904255,14064,4270.453125,122065,27494,8332,219914,963004,606588,564360,429026,0,0,16.32,-1.78,-9.82%
Aug-02,7707,22315,4124.138298,18348,14.5625,180902.3051,137273,40266,5390,8187,23564,32067,31228,73403,3184.904255,18537,4270.453125,186599,34810,10653,295185,1349747,856057,774933,555195,0,0,18.1,0.29,1.64%
Jul-02,7168,21955,4124.138298,14937,14.5625,180902.3051,112542,36744,4134,8187,23061,26066,33393,62281,3184.904255,16195,4270.453125,156053,32100,10091,262852,1202640,759180,696912,485774,0,0,17.81,1.17,7.00%
Jun-02,7299,22465,4124.138298,16159,14.5625,180902.3051,109958,37007,5944,8187,22498,28361,22388,61332,3184.904255,15695,4270.453125,151863,32659,10959,260679,1227863,751072,717092,519218,0,0,16.64,0.77,4.85%
May-02,7710,23624,4124.138298,18074,14.5625,180902.3051,106459,34696,4811,8187,22790,25035,30874,64060,3184.904255,15693,4270.453125,169528,32109,8021,257724,1198073,727419,714565,529340,0,0,15.87,-1.52,-8.72%
Apr-02,7134,23994,4124.138298,18476,14.5625,180902.3051,101847,30972,4378,8187,20366,21584,30029,61172,3184.904255,14155,4270.453125,147334,30216,9039,240029,1151463,704263,673738,489579,0,0,17.39,0.58,3.44%
Mar-02,7605,19726,4124.138298,20230,14.5625,180902.3051,104713,31805,5335,8187,21478,22529,32428,76200,3184.904255,13605,4270.453125,157028,31551,9732,258614,1197887,750942,691023,526225,0,0,16.81,-0.24,-1.38%
Feb-02,6125,17956,4124.138298,14890,14.5625,180902.3051,86848,28503,3757,8187,17509,16285,31802,58328,3184.904255,13042,4270.453125,126092,22122,8037,215987,1042099,662876,584171,430351,0,0,17.04,0.78,4.81%
Jan-02,6322,15923,4124.138298,15098,14.5625,180902.3051,84878,32537,2722,8187,16574,15081,26069,54534,3184.904255,13092,4270.453125,126508,21362,8176,209003,853058,564869,494015,362427,0,0,16.26,0.07,0.42%
Dec-01,7218,18414,4124.138298,20076,14.5625,180902.3051,94882,24413,4430,8187,17363,19063,31635,61172,3184.904255,15926,4270.453125,144202,29363,10921,237601,1025524,711319,529815,438068,0,0,16.2,-1.58,-8.89%
Nov-01,6253,18107,4124.138298,18014,14.5625,180902.3051,90153,27299,4842,8187,16936,19376,33060,56223,3184.904255,16122,4270.453125,138183,27465,7465,223052,1055155,697168,565239,471443,0,0,17.78,-3.99,-18.32%
Oct-01,6154,16122,4124.138298,18443,14.5625,180902.3051,105572,34051,6950,8187,24523,23660,27726,63423,3184.904255,17442,4270.453125,164084,30032,10455,254712,1422910,882874,771986,610371,0,0,21.76,5.67,35.25%
Sep-01,4926,15127,4124.138298,15486,14.5625,180902.3051,94921,30166,4624,8187,20585,19819,23603,55174,3184.904255,14242,4270.453125,127203,25023,7714,241685,1038797,628706,607434,434116,0,0,16.09,0.04,0.24%
Aug-01,7458,19054,4124.138298,18248,14.5625,180902.3051,117264,34474,6693,8187,23276,22725,28317,59075,3184.904255,17156,4270.453125,158918,38728,12131,268192,1132110,692716,684128,471573,0,0,16.05,-0.12,-0.74%
Jul-01,7974,19046,4124.138298,16155,14.5625,180902.3051,100921,31189,4737,8187,19405,24071,22822,56725,3184.904255,16105,4270.453125,143283,32011,11228,231866,1074823,658342,625815,471803,0,0,16.17,-0.98,-5.69%
Jun-01,9317,20250,4124.138298,17322,14.5625,180902.3051,112120,32140,9674,8187,21188,28394,23698,63744,3184.904255,17733,4270.453125,158633,34375,15104,247026,1324854,781665,763501,589130,0,0,17.15,0.59,3.58%
May-01,7719,20231,4124.138298,19275,14.5625,180902.3051,111537,31597,9140,8187,20048,24873,31520,63042,3184.904255,16041,4270.453125,167167,34398,12091,247577,1298132,759798,765378,560761,0,0,16.56,-0.03,-0.17%
Apr-01,6785,20012,4124.138298,16546,14.5625,180902.3051,96705,26133,10469,8187,16060,21860,26601,51148,3184.904255,14163,4270.453125,141058,29226,10079,217170,1084137,631760,645646,488780,0,0,16.59,-0.34,-2.00%
Mar-01,7428,17300,4124.138298,19166,14.5625,180902.3051,106347,27715,9424,8187,19159,24573,27431,69200,3184.904255,14530,4270.453125,156444,30618,12496,241519,1305596,781541,740422,601590,0,0,16.92,-0.57,-3.26%
Feb-01,5883,15756,4124.138298,15217,14.5625,180902.3051,91043,24800,6581,8187,12665,22865,24331,53893,3184.904255,13620,4270.453125,123959,24265,7851,195375,1119073,631941,663536,492562,0,0,17.49,0.18,1.03%
Jan-01,6168,13708,4124.138298,12690,14.5625,180902.3051,86174,22258,4816,8187,12513,18323,21649,50489,3184.904255,12864,4270.453125,118120,20144,8175,184083,946317,558834,557251,407922,0,0,17.32,1.59,10.10%
Dec-00,7440,20720,4124.138298,20306,14.5625,180902.3051,88035,17523,10063,8187,14510,19933,24712,55552,3184.904255,14731,4270.453125,133993,26865,8781,206821,984081,602355,566445,427083,0,0,15.73,-0.6,-3.69%
Nov-00,6556,17551,4124.138298,16175,14.5625,180902.3051,80849,17856,7289,8187,12643,18726,26015,52617,3184.904255,14241,4270.453125,126013,26597,10029,196755,998119,609969,564163,468054,0,0,16.33,-0.95,-5.47%
Oct-00,6100,15895,4124.138298,18381,14.5625,180902.3051,85595,17473,4864,8187,13726,21493,23574,56427,3184.904255,14946,4270.453125,123920,27132,10405,187175,1098618,648738,623223,475184,0,0,17.28,-0.96,-5.28%
Sep-00,6031,14494,4124.138298,16952,14.5625,180902.3051,102735,20919,8296,8187,16438,23728,26007,71152,3184.904255,13895,4270.453125,138302,30819,7932,205797,1211886,702549,705107,546000,0,0,18.24,1.32,7.83%
Aug-00,7326,16812,4124.138298,18110,14.5625,180902.3051,117768,23583,7510,8187,16454,22476,27540,70096,3184.904255,16013,4270.453125,148229,34276,10288,210888,1257200,713235,734696,552191,0,0,16.92,0.05,0.33%
Jul-00,6547,15168,4124.138298,15291,14.5625,180902.3051,107486,23566,6516,8187,12300,24418,30005,69029,3184.904255,15041,4270.453125,135457,30139,8560,188488,1166421,666567,681666,523155,0,0,16.86,-0.32,-1.85%
Jun-00,6901,15334,4124.138298,17919,14.5625,180902.3051,104818,23541,13084,8187,16140,25327,32321,67086,3184.904255,14297,4270.453125,132363,33410,13209,205021,1340071,747477,769046,617277,0,0,17.18,-0.3,-1.70%
May-00,6963,15323,4124.138298,16803,14.5625,180902.3051,105774,23484,10472,8187,13709,24766,29390,67701,3184.904255,15693,4270.453125,152375,33074,11779,197899,1346938,762142,762061,625970,0,0,17.47,-0.14,-0.78%
Apr-00,7725,15337,4124.138298,17889,14.5625,180902.3051,99613,21046,6963,8187,12422,21247,24423,61078,3184.904255,12684,4270.453125,132180,30546,9605,187825,1248168,703042,710353,587031,0,0,17.61,-0.37,-2.03%
Mar-00,6868,16516,4124.138298,18595,14.5625,180902.3051,104855,22001,7963,8187,12729,20432,25574,69578,3184.904255,14276,4270.453125,140393,31675,12929,195525,1397077,808851,762849,684199,0,0,17.98,-1.02,-5.36%
Feb-00,5730,13793,4124.138298,15546,14.5625,180902.3051,86726,18565,8302,8187,11392,19241,26069,59805,3184.904255,13951,4270.453125,127858,27096,10406,180070,1260621,710440,713309,574292,0,0,18.99,0.7,3.80%
Jan-00,6185,12480,4124.138298,13647,14.5625,180902.3051,74606,14834,6744,8187,8143,13739,18787,51967,3184.904255,12450,4270.453125,128123,23850,9256,159381,996635,567175,572635,452407,0,0,18.3,0.4,2.23%